id,part_1_id,part_2_id,metadata,note
1,1,2,{},
2,1,3,{},
3,1,4,{},
4,5,6,{},
5,5,7,{},
6,5,8,{},
7,9,10,{},
8,9,11,{},
9,9,12,{},
10,13,14,{},
11,13,15,{},
12,13,16,{},
13,17,18,{},
14,17,19,{},
15,17,20,{},
16,21,22,{},
17,21,23,{},
18,21,24,{},
19,25,26,{},
20,25,27,{},
21,25,28,{},
22,29,30,{},
23,29,31,{},
24,29,32,{},
25,33,34,{},
26,33,35,{},
27,33,36,{},
28,37,38,{},
29,37,39,{},
30,37,40,{},
31,41,42,{},
32,41,43,{},
33,41,44,{},
34,45,46,{},
35,45,47,{},
36,45,48,{},
37,49,50,{},
38,49,51,{},
39,49,52,{},
40,53,54,{},
41,53,55,{},
42,53,56,{},
43,57,58,{},
44,57,59,{},
45,57,60,{},
46,61,62,{},
47,61,63,{},
48,61,64,{},
49,65,66,{},
50,65,67,{},
51,65,68,{},
52,69,70,{},
53,69,71,{},
54,69,72,{},
55,73,74,{},
56,73,75,{},
57,73,76,{},
58,77,78,{},
59,77,79,{},
60,77,80,{},
61,81,82,{},
62,81,83,{},
63,81,84,{},
64,85,86,{},
65,85,87,{},
66,85,88,{},
67,89,90,{},
68,89,91,{},
69,89,92,{},
70,93,94,{},
71,93,95,{},
72,93,96,{},
73,97,98,{},
74,97,99,{},
75,97,100,{},
76,101,102,{},
77,101,103,{},
78,101,104,{},
79,105,106,{},
80,105,107,{},
81,105,108,{},
82,109,110,{},
83,109,111,{},
84,109,112,{},
85,113,114,{},
86,113,115,{},
87,113,116,{},
88,117,118,{},
89,117,119,{},
90,117,120,{},
91,121,122,{},
92,121,123,{},
93,121,124,{},
94,125,126,{},
95,125,127,{},
96,125,128,{},
97,129,130,{},
98,129,131,{},
99,129,132,{},
100,133,134,{},
101,133,135,{},
102,133,136,{},
103,137,138,{},
104,137,139,{},
105,137,140,{},
106,141,142,{},
107,141,143,{},
108,141,144,{},
109,145,146,{},
110,145,147,{},
111,145,148,{},
112,149,150,{},
113,149,151,{},
114,149,152,{},
115,153,154,{},
116,153,155,{},
117,153,156,{},
118,157,158,{},
119,157,159,{},
120,157,160,{},
121,161,162,{},
122,161,163,{},
123,161,164,{},
124,165,166,{},
125,165,167,{},
126,165,168,{},
127,169,170,{},
128,169,171,{},
129,169,172,{},
130,173,174,{},
131,173,175,{},
132,173,176,{},
133,177,178,{},
134,177,179,{},
135,177,180,{},
136,181,182,{},
137,181,183,{},
138,181,184,{},
139,185,186,{},
140,185,187,{},
141,185,188,{},
142,189,190,{},
143,189,191,{},
144,189,192,{},
145,193,194,{},
146,193,195,{},
147,193,196,{},
148,197,198,{},
149,197,199,{},
150,197,200,{},
151,201,202,{},
152,201,203,{},
153,201,204,{},
154,205,206,{},
155,205,207,{},
156,205,208,{},
157,209,210,{},
158,209,211,{},
159,209,212,{},
160,213,214,{},
161,213,215,{},
162,213,216,{},
163,217,218,{},
164,217,219,{},
165,217,220,{},
166,221,222,{},
167,221,223,{},
168,221,224,{},
169,225,226,{},
170,225,227,{},
171,225,228,{},
172,229,230,{},
173,229,231,{},
174,229,232,{},
175,233,234,{},
176,233,235,{},
177,233,236,{},
178,237,238,{},
179,237,239,{},
180,237,240,{},
181,241,242,{},
182,241,243,{},
183,241,244,{},
184,245,246,{},
185,245,247,{},
186,245,248,{},
187,249,250,{},
188,249,251,{},
189,249,252,{},
190,253,254,{},
191,253,255,{},
192,253,256,{},
193,257,258,{},
194,257,259,{},
195,257,260,{},
196,261,262,{},
197,261,263,{},
198,261,264,{},
199,265,266,{},
200,265,267,{},
201,265,268,{},
202,269,270,{},
203,269,271,{},
204,269,272,{},
205,273,274,{},
206,273,275,{},
207,273,276,{},
208,277,278,{},
209,277,279,{},
210,277,280,{},
211,281,282,{},
212,281,283,{},
213,281,284,{},
214,285,286,{},
215,285,287,{},
216,285,288,{},
217,289,290,{},
218,289,291,{},
219,289,292,{},
220,293,294,{},
221,293,295,{},
222,293,296,{},
223,297,298,{},
224,297,299,{},
225,297,300,{},
226,301,302,{},
227,301,303,{},
228,301,304,{},
229,305,306,{},
230,305,307,{},
231,305,308,{},
232,309,310,{},
233,309,311,{},
234,309,312,{},
235,313,314,{},
236,313,315,{},
237,313,316,{},
238,317,318,{},
239,317,319,{},
240,317,320,{},
241,321,322,{},
242,321,323,{},
243,321,324,{},
244,325,326,{},
245,325,327,{},
246,325,328,{},
247,329,330,{},
248,329,331,{},
249,329,332,{},
250,333,334,{},
251,333,335,{},
252,333,336,{},
253,337,338,{},
254,337,339,{},
255,337,340,{},
256,341,342,{},
257,341,343,{},
258,341,344,{},
259,345,346,{},
260,345,347,{},
261,345,348,{},
262,349,350,{},
263,349,351,{},
264,349,352,{},
265,353,354,{},
266,353,355,{},
267,353,356,{},
268,357,358,{},
269,357,359,{},
270,357,360,{},
271,361,362,{},
272,361,363,{},
273,361,364,{},
274,365,366,{},
275,365,367,{},
276,365,368,{},
277,369,370,{},
278,369,371,{},
279,372,373,{},
280,372,374,{},
281,375,376,{},
282,375,377,{},
283,375,378,{},
284,379,380,{},
285,379,381,{},
286,379,382,{},
287,383,384,{},
288,383,385,{},
289,383,386,{},
290,387,388,{},
291,387,389,{},
292,387,390,{},
293,391,392,{},
294,393,394,{},
295,393,395,{},
296,393,396,{},
297,397,398,{},
298,397,399,{},
299,397,400,{},
300,401,402,{},
301,401,403,{},
302,401,404,{},
303,405,406,{},
304,405,407,{},
305,405,408,{},
306,409,410,{},
307,409,411,{},
308,409,412,{},
309,413,414,{},
310,413,415,{},
311,416,417,{},
312,416,418,{},
313,698,699,{},
314,698,700,{},
315,698,701,{},
316,702,703,{},
317,702,704,{},
318,702,705,{},
319,706,707,{},
320,706,708,{},
321,706,709,{},
322,710,711,{},
323,710,712,{},
324,710,713,{},
325,714,715,{},
326,714,716,{},
327,714,717,{},
328,718,719,{},
329,718,720,{},
330,718,721,{},
331,722,723,{},
332,722,724,{},
333,722,725,{},
334,726,727,{},
335,726,728,{},
336,729,730,{},
337,729,731,{},
338,729,732,{},
339,733,734,{},
340,733,735,{},
341,733,736,{},
342,737,738,{},
343,737,739,{},
344,737,740,{},
345,741,742,{},
346,741,743,{},
347,741,744,{},
348,745,746,{},
349,745,747,{},
350,745,748,{},
351,749,750,{},
352,749,751,{},
353,752,753,{},
354,752,754,{},
355,752,755,{},
356,756,757,{},
357,756,758,{},
358,756,759,{},
359,760,761,{},
360,760,762,{},
361,760,763,{},
362,764,765,{},
363,764,766,{},
364,764,767,{},
365,768,769,{},
366,768,770,{},
367,768,771,{},
368,772,773,{},
369,772,774,{},
370,772,775,{},
371,776,777,{},
372,776,778,{},
373,776,779,{},
374,780,781,{},
375,780,782,{},
376,780,783,{},
377,784,785,{},
378,784,786,{},
379,784,787,{},
380,788,789,{},
381,788,790,{},
382,788,791,{},
383,792,793,{},
384,792,794,{},
385,792,795,{},
386,796,797,{},
387,796,798,{},
388,796,799,{},
389,800,801,{},
390,800,802,{},
391,800,803,{},
392,804,805,{},
393,804,806,{},
394,804,807,{},
395,808,809,{},
396,808,810,{},
397,811,812,{},
398,811,813,{},
399,814,815,{},
400,814,816,{},
401,814,817,{},
402,818,819,{},
403,818,820,{},
404,818,821,{},
405,822,823,{},
406,822,824,{},
407,822,825,{},
408,826,827,{},
409,826,828,{},
410,829,830,{},
411,829,831,{},
412,829,832,{},
413,833,834,{},
414,833,835,{},
415,836,837,{},
416,836,838,{},
417,836,839,{},
418,840,841,{},
419,840,842,{},
420,840,843,{},
421,844,845,{},
422,844,846,{},
423,844,847,{},
424,848,849,{},
425,848,850,{},
426,848,851,{},
427,852,853,{},
428,852,854,{},
429,852,855,{},
430,856,857,{},
431,856,858,{},
432,856,859,{},
433,860,861,{},
434,860,862,{},
435,860,863,{},
436,864,865,{},
437,864,866,{},
438,864,867,{},
439,868,869,{},
440,868,870,{},
441,868,871,{},
442,872,873,{},
443,872,874,{},
444,872,875,{},
445,876,877,{},
446,876,878,{},
447,876,879,{},
448,880,881,{},
449,880,882,{},
450,880,883,{},
451,884,885,{},
452,884,886,{},
453,884,887,{},
454,888,889,{},
455,888,890,{},
456,888,891,{},
457,892,893,{},
458,892,894,{},
459,892,895,{},
460,896,897,{},
461,896,898,{},
462,896,899,{},
463,900,901,{},
464,900,902,{},
465,900,903,{},
466,904,905,{},
467,904,906,{},
468,904,907,{},
469,908,909,{},
470,908,910,{},
471,908,911,{},
472,912,913,{},
473,912,914,{},
474,912,915,{},
475,916,917,{},
476,916,918,{},
477,916,919,{},
478,920,921,{},
479,920,922,{},
480,920,923,{},
481,924,925,{},
482,924,926,{},
483,924,927,{},
484,928,929,{},
485,928,930,{},
486,928,931,{},
487,932,933,{},
488,932,934,{},
489,932,935,{},
490,936,937,{},
491,936,938,{},
492,936,939,{},
493,940,941,{},
494,940,942,{},
495,940,943,{},
496,944,945,{},
497,944,946,{},
498,944,947,{},
499,948,949,{},
500,948,950,{},
501,948,951,{},
502,952,953,{},
503,952,954,{},
504,952,955,{},
505,956,957,{},
506,956,958,{},
507,956,959,{},
508,960,961,{},
509,960,962,{},
510,960,963,{},
511,964,965,{},
512,964,966,{},
513,964,967,{},
514,968,969,{},
515,968,970,{},
516,968,971,{},
517,972,973,{},
518,972,974,{},
519,972,975,{},
520,976,977,{},
521,976,978,{},
522,976,979,{},
523,980,981,{},
524,980,982,{},
525,980,983,{},
526,984,985,{},
527,984,986,{},
528,984,987,{},
529,988,989,{},
530,988,990,{},
531,988,991,{},
532,992,993,{},
533,992,994,{},
534,992,995,{},
535,996,997,{},
536,996,998,{},
537,996,999,{},
538,1000,1001,{},
539,1000,1002,{},
540,1000,1003,{},
541,1004,1005,{},
542,1004,1006,{},
543,1004,1007,{},
544,1008,1009,{},
545,1008,1010,{},
546,1008,1011,{},
547,1012,1013,{},
548,1012,1014,{},
549,1012,1015,{},
550,1016,1017,{},
551,1016,1018,{},
552,1016,1019,{},
553,1020,1021,{},
554,1020,1022,{},
555,1020,1023,{},
556,1024,1025,{},
557,1024,1026,{},
558,1024,1027,{},
559,1028,1029,{},
560,1028,1030,{},
561,1028,1031,{},
562,1032,1033,{},
563,1032,1034,{},
564,1032,1035,{},
565,1036,1037,{},
566,1036,1038,{},
567,1036,1039,{},
568,1040,1041,{},
569,1040,1042,{},
570,1040,1043,{},
571,1044,1045,{},
572,1044,1046,{},
573,1044,1047,{},
574,1048,1049,{},
575,1048,1050,{},
576,1048,1051,{},
577,1052,1053,{},
578,1052,1054,{},
579,1052,1055,{},
580,1056,1057,{},
581,1056,1058,{},
582,1056,1059,{},
583,1060,1061,{},
584,1060,1062,{},
585,1060,1063,{},
586,1064,1065,{},
587,1064,1066,{},
588,1064,1067,{},
589,1068,1069,{},
590,1068,1070,{},
591,1068,1071,{},
592,1072,1073,{},
593,1072,1074,{},
594,1072,1075,{},
595,1076,1077,{},
596,1076,1078,{},
597,1076,1079,{},
598,1080,1081,{},
599,1080,1082,{},
600,1080,1083,{},
601,1084,1085,{},
602,1084,1086,{},
603,1084,1087,{},
604,1088,1089,{},
605,1088,1090,{},
606,1088,1091,{},
607,1092,1093,{},
608,1092,1094,{},
609,1092,1095,{},
610,1096,1097,{},
611,1096,1098,{},
612,1096,1099,{},
613,1100,1101,{},
614,1100,1102,{},
615,1100,1103,{},
616,1104,1105,{},
617,1104,1106,{},
618,1104,1107,{},
619,1108,1109,{},
620,1108,1110,{},
621,1108,1111,{},
622,1112,1113,{},
623,1112,1114,{},
624,1112,1115,{},
625,1116,1117,{},
626,1116,1118,{},
627,1116,1119,{},
628,1120,1121,{},
629,1120,1122,{},
630,1120,1123,{},
631,1124,1125,{},
632,1124,1126,{},
633,1124,1127,{},
634,1128,1129,{},
635,1128,1130,{},
636,1128,1131,{},
637,1132,1133,{},
638,1132,1134,{},
639,1132,1135,{},
640,1136,1137,{},
641,1136,1138,{},
642,1136,1139,{},
643,1140,1141,{},
644,1140,1142,{},
645,1140,1143,{},
646,1144,1145,{},
647,1144,1146,{},
648,1144,1147,{},
649,1148,1149,{},
650,1148,1150,{},
651,1148,1151,{},
652,1152,1153,{},
653,1152,1154,{},
654,1152,1155,{},
655,1156,1157,{},
656,1156,1158,{},
657,1156,1159,{},
658,1160,1161,{},
659,1160,1162,{},
660,1160,1163,{},
661,1164,1165,{},
662,1164,1166,{},
663,1164,1167,{},
664,1168,1169,{},
665,1168,1170,{},
666,1168,1171,{},
667,1172,1173,{},
668,1172,1174,{},
669,1172,1175,{},
670,1176,1177,{},
671,1176,1178,{},
672,1176,1179,{},
673,1180,1181,{},
674,1180,1182,{},
675,1180,1183,{},
676,1184,1185,{},
677,1184,1186,{},
678,1184,1187,{},
679,1188,1189,{},
680,1188,1190,{},
681,1188,1191,{},
682,1192,1193,{},
683,1192,1194,{},
684,1192,1195,{},
685,1196,1197,{},
686,1196,1198,{},
687,1196,1199,{},
688,1200,1201,{},
689,1200,1202,{},
690,1200,1203,{},
691,1204,1205,{},
692,1204,1206,{},
693,1204,1207,{},
694,1208,1209,{},
695,1208,1210,{},
696,1208,1211,{},
697,1212,1213,{},
698,1212,1214,{},
699,1212,1215,{},
700,1216,1217,{},
701,1216,1218,{},
702,1216,1219,{},
703,1220,1221,{},
704,1220,1222,{},
705,1220,1223,{},
706,1224,1225,{},
707,1224,1226,{},
708,1224,1227,{},
709,1228,1229,{},
710,1228,1230,{},
711,1228,1231,{},
712,1232,1233,{},
713,1232,1234,{},
714,1232,1235,{},
715,1236,1237,{},
716,1236,1238,{},
717,1236,1239,{},
718,1240,1241,{},
719,1240,1242,{},
720,1240,1243,{},
721,1244,1245,{},
722,1244,1246,{},
723,1244,1247,{},
724,1248,1249,{},
725,1248,1250,{},
726,1248,1251,{},
727,1252,1253,{},
728,1252,1254,{},
729,1252,1255,{},
730,1256,1257,{},
731,1256,1258,{},
732,1256,1259,{},
733,1260,1261,{},
734,1260,1262,{},
735,1260,1263,{},
736,1264,1265,{},
737,1264,1266,{},
738,1264,1267,{},
739,1268,1269,{},
740,1268,1270,{},
741,1268,1271,{},
742,1272,1273,{},
743,1272,1274,{},
744,1272,1275,{},
745,1276,1277,{},
746,1276,1278,{},
747,1276,1279,{},
748,1280,1281,{},
749,1280,1282,{},
750,1280,1283,{},
751,1284,1285,{},
752,1284,1286,{},
753,1284,1287,{},
754,1288,1289,{},
755,1288,1290,{},
756,1288,1291,{},
757,1292,1293,{},
758,1292,1294,{},
759,1292,1295,{},
760,1296,1297,{},
761,1296,1298,{},
762,1296,1299,{},
763,1300,1301,{},
764,1300,1302,{},
765,1300,1303,{},
766,1304,1305,{},
767,1304,1306,{},
768,1304,1307,{},
769,1308,1309,{},
770,1308,1310,{},
771,1308,1311,{},
772,1312,1313,{},
773,1312,1314,{},
774,1312,1315,{},
775,1316,1317,{},
776,1316,1318,{},
777,1316,1319,{},
778,1320,1321,{},
779,1320,1322,{},
780,1320,1323,{},
781,1324,1325,{},
782,1324,1326,{},
783,1324,1327,{},
784,1328,1329,{},
785,1328,1330,{},
786,1328,1331,{},
787,1332,1333,{},
788,1332,1334,{},
789,1332,1335,{},
790,1336,1337,{},
791,1336,1338,{},
792,1336,1339,{},
793,1340,1341,{},
794,1340,1342,{},
795,1340,1343,{},
796,1344,1345,{},
797,1344,1346,{},
798,1344,1347,{},
799,1348,1349,{},
800,1348,1350,{},
801,1348,1351,{},
802,1352,1353,{},
803,1352,1354,{},
804,1352,1355,{},
805,1356,1357,{},
806,1356,1358,{},
807,1356,1359,{},
808,1360,1361,{},
809,1360,1362,{},
810,1360,1363,{},
811,1364,1365,{},
812,1364,1366,{},
813,1364,1367,{},
814,1368,1369,{},
815,1368,1370,{},
816,1368,1371,{},
817,1372,1373,{},
818,1372,1374,{},
819,1372,1375,{},
820,1376,1377,{},
821,1376,1378,{},
822,1376,1379,{},
823,1380,1381,{},
824,1380,1382,{},
825,1380,1383,{},
826,1384,1385,{},
827,1384,1386,{},
828,1384,1387,{},
829,1388,1389,{},
830,1388,1390,{},
831,1388,1391,{},
832,1392,1393,{},
833,1392,1394,{},
834,1392,1395,{},
835,1396,1397,{},
836,1396,1398,{},
837,1396,1399,{},
838,1400,1401,{},
839,1400,1402,{},
840,1400,1403,{},
841,1404,1405,{},
842,1404,1406,{},
843,1404,1407,{},
844,1408,1409,{},
845,1408,1410,{},
846,1408,1411,{},
847,1412,1413,{},
848,1412,1414,{},
849,1412,1415,{},
850,1416,1417,{},
851,1416,1418,{},
852,1416,1419,{},
853,1420,1421,{},
854,1420,1422,{},
855,1420,1423,{},
856,1424,1425,{},
857,1424,1426,{},
858,1424,1427,{},
859,1428,1429,{},
860,1428,1430,{},
861,1428,1431,{},
862,1432,1433,{},
863,1432,1434,{},
864,1432,1435,{},
865,1436,1437,{},
866,1436,1438,{},
867,1436,1439,{},
868,1440,1441,{},
869,1440,1442,{},
870,1440,1443,{},
871,1444,1445,{},
872,1444,1446,{},
873,1444,1447,{},
874,1448,1449,{},
875,1448,1450,{},
876,1448,1451,{},
877,1452,1453,{},
878,1452,1454,{},
879,1452,1455,{},
880,1456,1457,{},
881,1456,1458,{},
882,1456,1459,{},
883,1460,1461,{},
884,1460,1462,{},
885,1460,1463,{},
886,1464,1465,{},
887,1464,1466,{},
888,1464,1467,{},
889,1468,1469,{},
890,1468,1470,{},
891,1468,1471,{},
892,1472,1473,{},
893,1472,1474,{},
894,1472,1475,{},
895,1476,1477,{},
896,1476,1478,{},
897,1476,1479,{},
898,1480,1481,{},
899,1480,1482,{},
900,1480,1483,{},
901,1484,1485,{},
902,1484,1486,{},
903,1484,1487,{},
904,1488,1489,{},
905,1488,1490,{},
906,1488,1491,{},
907,1492,1493,{},
908,1492,1494,{},
909,1492,1495,{},
910,1496,1497,{},
911,1496,1498,{},
912,1496,1499,{},
913,1500,1501,{},
914,1500,1502,{},
915,1500,1503,{},
916,1504,1505,{},
917,1504,1506,{},
918,1504,1507,{},
919,1508,1509,{},
920,1508,1510,{},
921,1508,1511,{},
922,1512,1513,{},
923,1512,1514,{},
924,1512,1515,{},
925,1516,1517,{},
926,1516,1518,{},
927,1516,1519,{},
928,1520,1521,{},
929,1520,1522,{},
930,1520,1523,{},
931,1524,1525,{},
932,1524,1526,{},
933,1524,1527,{},
934,1528,1529,{},
935,1528,1530,{},
936,1528,1531,{},
937,1532,1533,{},
938,1532,1534,{},
939,1532,1535,{},
940,1536,1537,{},
941,1536,1538,{},
942,1536,1539,{},
943,1540,1541,{},
944,1540,1542,{},
945,1540,1543,{},
946,1544,1545,{},
947,1544,1546,{},
948,1544,1547,{},
949,1548,1549,{},
950,1548,1550,{},
951,1548,1551,{},
952,1552,1553,{},
953,1552,1554,{},
954,1552,1555,{},
955,1556,1557,{},
956,1556,1558,{},
957,1556,1559,{},
958,1560,1561,{},
959,1560,1562,{},
960,1560,1563,{},
961,1564,1565,{},
962,1564,1566,{},
963,1564,1567,{},
964,1568,1569,{},
965,1568,1570,{},
966,1568,1571,{},
967,1572,1573,{},
968,1572,1574,{},
969,1572,1575,{},
970,1576,1577,{},
971,1576,1578,{},
972,1576,1579,{},
973,1580,1581,{},
974,1580,1582,{},
975,1580,1583,{},
976,1584,1585,{},
977,1584,1586,{},
978,1584,1587,{},
979,1588,1589,{},
980,1588,1590,{},
981,1588,1591,{},
982,1592,1593,{},
983,1592,1594,{},
984,1592,1595,{},
985,1596,1597,{},
986,1596,1598,{},
987,1596,1599,{},
988,1600,1601,{},
989,1600,1602,{},
990,1600,1603,{},
991,1604,1605,{},
992,1604,1606,{},
993,1604,1607,{},
994,1608,1609,{},
995,1608,1610,{},
996,1608,1611,{},
997,1612,1613,{},
998,1612,1614,{},
999,1612,1615,{},
1000,1616,1617,{},
1001,1616,1618,{},
1002,1616,1619,{},
1003,1620,1621,{},
1004,1620,1622,{},
1005,1620,1623,{},
1006,1624,1625,{},
1007,1624,1626,{},
1008,1624,1627,{},
1009,1628,1629,{},
1010,1628,1630,{},
1011,1628,1631,{},
1012,1632,1633,{},
1013,1632,1634,{},
1014,1632,1635,{},
1015,1636,1637,{},
1016,1636,1638,{},
1017,1636,1639,{},
1018,1640,1641,{},
1019,1640,1642,{},
1020,1640,1643,{},
1021,1644,1645,{},
1022,1644,1646,{},
1023,1644,1647,{},
1024,1648,1649,{},
1025,1648,1650,{},
1026,1648,1651,{},
1027,1652,1653,{},
1028,1652,1654,{},
1029,1652,1655,{},
1030,1656,1657,{},
1031,1656,1658,{},
1032,1656,1659,{},
1033,1660,1661,{},
1034,1660,1662,{},
1035,1660,1663,{},
1036,1664,1665,{},
1037,1664,1666,{},
1038,1664,1667,{},
1039,1668,1669,{},
1040,1668,1670,{},
1041,1668,1671,{},
1042,1672,1673,{},
1043,1672,1674,{},
1044,1672,1675,{},
1045,1676,1677,{},
1046,1676,1678,{},
1047,1676,1679,{},
1048,1680,1681,{},
1049,1680,1682,{},
1050,1680,1683,{},
1051,1684,1685,{},
1052,1684,1686,{},
1053,1684,1687,{},
1054,1688,1689,{},
1055,1688,1690,{},
1056,1688,1691,{},
1057,1692,1693,{},
1058,1692,1694,{},
1059,1692,1695,{},
1060,1696,1697,{},
1061,1696,1698,{},
1062,1696,1699,{},
1063,1700,1701,{},
1064,1700,1702,{},
1065,1700,1703,{},
1066,1704,1705,{},
1067,1704,1706,{},
1068,1704,1707,{},
1069,1708,1709,{},
1070,1708,1710,{},
1071,1708,1711,{},
1072,1712,1713,{},
1073,1712,1714,{},
1074,1712,1715,{},
1075,1716,1717,{},
1076,1716,1718,{},
1077,1716,1719,{},
1078,1720,1721,{},
1079,1720,1722,{},
1080,1720,1723,{},
1081,1724,1725,{},
1082,1724,1726,{},
1083,1724,1727,{},
1084,1728,1729,{},
1085,1728,1730,{},
1086,1728,1731,{},
1087,1732,1733,{},
1088,1732,1734,{},
1089,1732,1735,{},
1090,1736,1737,{},
1091,1736,1738,{},
1092,1736,1739,{},
1093,1740,1741,{},
1094,1740,1742,{},
1095,1740,1743,{},
1096,1744,1745,{},
1097,1744,1746,{},
1098,1744,1747,{},
1099,1748,1749,{},
1100,1748,1750,{},
1101,1748,1751,{},
1102,1752,1753,{},
1103,1752,1754,{},
1104,1752,1755,{},
1105,1756,1757,{},
1106,1756,1758,{},
1107,1756,1759,{},
1108,1760,1761,{},
1109,1760,1762,{},
1110,1760,1763,{},
1111,1764,1765,{},
1112,1764,1766,{},
1113,1764,1767,{},
1114,1768,1769,{},
1115,1768,1770,{},
1116,1768,1771,{},
1117,1772,1773,{},
1118,1772,1774,{},
1119,1772,1775,{},
1120,1776,1777,{},
1121,1776,1778,{},
1122,1776,1779,{},
1123,1780,1781,{},
1124,1780,1782,{},
1125,1780,1783,{},
1126,1784,1785,{},
1127,1784,1786,{},
1128,1784,1787,{},
1129,1788,1789,{},
1130,1788,1790,{},
1131,1788,1791,{},
1132,1792,1793,{},
1133,1792,1794,{},
1134,1792,1795,{},
1135,1796,1797,{},
1136,1796,1798,{},
1137,1796,1799,{},
1138,1800,1801,{},
1139,1800,1802,{},
1140,1800,1803,{},
1141,1804,1805,{},
1142,1804,1806,{},
1143,1804,1807,{},
1144,1808,1809,{},
1145,1808,1810,{},
1146,1808,1811,{},
1147,1812,1813,{},
1148,1812,1814,{},
1149,1812,1815,{},
1150,1816,1817,{},
1151,1816,1818,{},
1152,1816,1819,{},
1153,1820,1821,{},
1154,1820,1822,{},
1155,1820,1823,{},
1156,1824,1825,{},
1157,1824,1826,{},
1158,1824,1827,{},
1159,1828,1829,{},
1160,1828,1830,{},
1161,1828,1831,{},
1162,1832,1833,{},
1163,1832,1834,{},
1164,1832,1835,{},
1165,1836,1837,{},
1166,1836,1838,{},
1167,1836,1839,{},
1168,1840,1841,{},
1169,1840,1842,{},
1170,1840,1843,{},
1171,1844,1845,{},
1172,1844,1846,{},
1173,1844,1847,{},
1174,1848,1849,{},
1175,1848,1850,{},
1176,1848,1851,{},
1177,1852,1853,{},
1178,1852,1854,{},
1179,1852,1855,{},
1180,1856,1857,{},
1181,1856,1858,{},
1182,1856,1859,{},
1183,1860,1861,{},
1184,1860,1862,{},
1185,1860,1863,{},
1186,1864,1865,{},
1187,1864,1866,{},
1188,1864,1867,{},
1189,1868,1869,{},
1190,1868,1870,{},
1191,1868,1871,{},
1192,1872,1873,{},
1193,1872,1874,{},
1194,1872,1875,{},
1195,1876,1877,{},
1196,1876,1878,{},
1197,1876,1879,{},
1198,1880,1881,{},
1199,1880,1882,{},
1200,1880,1883,{},
1201,1884,1885,{},
1202,1884,1886,{},
1203,1884,1887,{},
1204,1888,1889,{},
1205,1888,1890,{},
1206,1888,1891,{},
1207,1892,1893,{},
1208,1892,1894,{},
1209,1892,1895,{},
1210,1896,1897,{},
1211,1896,1898,{},
1212,1896,1899,{},
1213,1900,1901,{},
1214,1900,1902,{},
1215,1900,1903,{},
1216,1904,1905,{},
1217,1904,1906,{},
1218,1904,1907,{},
1219,1908,1909,{},
1220,1908,1910,{},
1221,1908,1911,{},
1222,1912,1913,{},
1223,1912,1914,{},
1224,1912,1915,{},
1225,1916,1917,{},
1226,1916,1918,{},
1227,1916,1919,{},
1228,1920,1921,{},
1229,1920,1922,{},
1230,1920,1923,{},
1231,1924,1925,{},
1232,1924,1926,{},
1233,1924,1927,{},
1234,1928,1929,{},
1235,1928,1930,{},
1236,1928,1931,{},
1237,1932,1933,{},
1238,1932,1934,{},
1239,1932,1935,{},
1240,1936,1937,{},
1241,1936,1938,{},
1242,1936,1939,{},
1243,1940,1941,{},
1244,1940,1942,{},
1245,1940,1943,{},
1246,1944,1945,{},
1247,1944,1946,{},
1248,1944,1947,{},
1249,1948,1949,{},
1250,1948,1950,{},
1251,1948,1951,{},
1252,1952,1953,{},
1253,1952,1954,{},
1254,1952,1955,{},
1255,1956,1957,{},
1256,1956,1958,{},
1257,1956,1959,{},
1258,1960,1961,{},
1259,1960,1962,{},
1260,1960,1963,{},
1261,1964,1965,{},
1262,1964,1966,{},
1263,1964,1967,{},
1264,1968,1969,{},
1265,1968,1970,{},
1266,1968,1971,{},
1267,1972,1973,{},
1268,1972,1974,{},
1269,1972,1975,{},
1270,1976,1977,{},
1271,1976,1978,{},
1272,1976,1979,{},
1273,1980,1981,{},
1274,1980,1982,{},
1275,1980,1983,{},
1276,1984,1985,{},
1277,1984,1986,{},
1278,1984,1987,{},
1279,1988,1989,{},
1280,1988,1990,{},
1281,1988,1991,{},
1282,1992,1993,{},
1283,1992,1994,{},
1284,1992,1995,{},
1285,1996,1997,{},
1286,1996,1998,{},
1287,1996,1999,{},
1288,2000,2001,{},
1289,2000,2002,{},
1290,2000,2003,{},
1291,2004,2005,{},
1292,2004,2006,{},
1293,2004,2007,{},
1294,2008,2009,{},
1295,2008,2010,{},
1296,2008,2011,{},
1297,2012,2013,{},
1298,2012,2014,{},
1299,2012,2015,{},
1300,2016,2017,{},
1301,2016,2018,{},
1302,2016,2019,{},
1303,2020,2021,{},
1304,2020,2022,{},
1305,2020,2023,{},
1306,2024,2025,{},
1307,2024,2026,{},
1308,2024,2027,{},
1309,2028,2029,{},
1310,2028,2030,{},
1311,2028,2031,{},
1312,2032,2033,{},
1313,2032,2034,{},
1314,2032,2035,{},
1315,2036,2037,{},
1316,2036,2038,{},
1317,2036,2039,{},
1318,2040,2041,{},
1319,2040,2042,{},
1320,2040,2043,{},
1321,2044,2045,{},
1322,2044,2046,{},
1323,2044,2047,{},
1324,2048,2049,{},
1325,2048,2050,{},
1326,2048,2051,{},
1327,2052,2053,{},
1328,2052,2054,{},
1329,2052,2055,{},
1330,2056,2057,{},
1331,2056,2058,{},
1332,2056,2059,{},
1333,2060,2061,{},
1334,2060,2062,{},
1335,2060,2063,{},
1336,2064,2065,{},
1337,2064,2066,{},
1338,2064,2067,{},
1339,2068,2069,{},
1340,2068,2070,{},
1341,2068,2071,{},
1342,2072,2073,{},
1343,2072,2074,{},
1344,2072,2075,{},
1345,2076,2077,{},
1346,2076,2078,{},
1347,2076,2079,{},
1348,2080,2081,{},
1349,2080,2082,{},
1350,2080,2083,{},
1351,2084,2085,{},
1352,2084,2086,{},
1353,2084,2087,{},
1354,2088,2089,{},
1355,2088,2090,{},
1356,2088,2091,{},
1357,2092,2093,{},
1358,2092,2094,{},
1359,2092,2095,{},
1360,2096,2097,{},
1361,2096,2098,{},
1362,2096,2099,{},
1363,2100,2101,{},
1364,2100,2102,{},
1365,2100,2103,{},
1366,2104,2105,{},
1367,2104,2106,{},
1368,2104,2107,{},
1369,2108,2109,{},
1370,2108,2110,{},
1371,2108,2111,{},
1372,2112,2113,{},
1373,2112,2114,{},
1374,2112,2115,{},
1375,2116,2117,{},
1376,2116,2118,{},
1377,2116,2119,{},
1378,2120,2121,{},
1379,2120,2122,{},
1380,2120,2123,{},
1381,2124,2125,{},
1382,2124,2126,{},
1383,2124,2127,{},
1384,2128,2129,{},
1385,2128,2130,{},
1386,2128,2131,{},
1387,2132,2133,{},
1388,2132,2134,{},
1389,2132,2135,{},
1390,2136,2137,{},
1391,2136,2138,{},
1392,2136,2139,{},
1393,2140,2141,{},
1394,2140,2142,{},
1395,2140,2143,{},
1396,2144,2145,{},
1397,2144,2146,{},
1398,2144,2147,{},
1399,2148,2149,{},
1400,2148,2150,{},
1401,2148,2151,{},
1402,2152,2153,{},
1403,2152,2154,{},
1404,2152,2155,{},
1405,2156,2157,{},
1406,2156,2158,{},
1407,2156,2159,{},
1408,2160,2161,{},
1409,2160,2162,{},
1410,2160,2163,{},
1411,2164,2165,{},
1412,2164,2166,{},
1413,2164,2167,{},
1414,2168,2169,{},
1415,2168,2170,{},
1416,2168,2171,{},
1417,2172,2173,{},
1418,2172,2174,{},
1419,2172,2175,{},
1420,2176,2177,{},
1421,2176,2178,{},
1422,2176,2179,{},
1423,2180,2181,{},
1424,2180,2182,{},
1425,2180,2183,{},
1426,2184,2185,{},
1427,2184,2186,{},
1428,2184,2187,{},
1429,2188,2189,{},
1430,2188,2190,{},
1431,2188,2191,{},
1432,2192,2193,{},
1433,2192,2194,{},
1434,2192,2195,{},
1435,2196,2197,{},
1436,2196,2198,{},
1437,2196,2199,{},
1438,2200,2201,{},
1439,2200,2202,{},
1440,2200,2203,{},
1441,2204,2205,{},
1442,2204,2206,{},
1443,2204,2207,{},
1444,2208,2209,{},
1445,2208,2210,{},
1446,2208,2211,{},
1447,2212,2213,{},
1448,2212,2214,{},
1449,2212,2215,{},
1450,2216,2217,{},
1451,2216,2218,{},
1452,2216,2219,{},
1453,2220,2221,{},
1454,2220,2222,{},
1455,2220,2223,{},
1456,2224,2225,{},
1457,2224,2226,{},
1458,2224,2227,{},
1459,2228,2229,{},
1460,2228,2230,{},
1461,2228,2231,{},
1462,2232,2233,{},
1463,2232,2234,{},
1464,2232,2235,{},
1465,2236,2237,{},
1466,2236,2238,{},
1467,2236,2239,{},
1468,2240,2241,{},
1469,2240,2242,{},
1470,2240,2243,{},
1471,2244,2245,{},
1472,2244,2246,{},
1473,2244,2247,{},
1474,2248,2249,{},
1475,2248,2250,{},
1476,2248,2251,{},
1477,2252,2253,{},
1478,2252,2254,{},
1479,2252,2255,{},
1480,2256,2257,{},
1481,2256,2258,{},
1482,2256,2259,{},
1483,2260,2261,{},
1484,2260,2262,{},
1485,2260,2263,{},
1486,2264,2265,{},
1487,2264,2266,{},
1488,2264,2267,{},
1489,2268,2269,{},
1490,2268,2270,{},
1491,2268,2271,{},
1492,2272,2273,{},
1493,2272,2274,{},
1494,2272,2275,{},
1495,2276,2277,{},
1496,2276,2278,{},
1497,2276,2279,{},
1498,2280,2281,{},
1499,2280,2282,{},
1500,2280,2283,{},
1501,2284,2285,{},
1502,2284,2286,{},
1503,2284,2287,{},
1504,2288,2289,{},
1505,2288,2290,{},
1506,2288,2291,{},
1507,2292,2293,{},
1508,2292,2294,{},
1509,2292,2295,{},
1510,2296,2297,{},
1511,2296,2298,{},
1512,2296,2299,{},
1513,2300,2301,{},
1514,2300,2302,{},
1515,2300,2303,{},
1516,2304,2305,{},
1517,2304,2306,{},
1518,2304,2307,{},
1519,2308,2309,{},
1520,2308,2310,{},
1521,2308,2311,{},
1522,2312,2313,{},
1523,2312,2314,{},
1524,2312,2315,{},
1525,2316,2317,{},
1526,2316,2318,{},
1527,2316,2319,{},
1528,2320,2321,{},
1529,2320,2322,{},
1530,2320,2323,{},
1531,2324,2325,{},
1532,2324,2326,{},
1533,2324,2327,{},
1534,2328,2329,{},
1535,2328,2330,{},
1536,2328,2331,{},
1537,2332,2333,{},
1538,2332,2334,{},
1539,2332,2335,{},
1540,2336,2337,{},
1541,2336,2338,{},
1542,2336,2339,{},
1543,2340,2341,{},
1544,2340,2342,{},
1545,2340,2343,{},
1546,2344,2345,{},
1547,2344,2346,{},
1548,2344,2347,{},
1549,2348,2349,{},
1550,2348,2350,{},
1551,2348,2351,{},
1552,2352,2353,{},
1553,2352,2354,{},
1554,2352,2355,{},
1555,2356,2357,{},
1556,2356,2358,{},
1557,2356,2359,{},
1558,2360,2361,{},
1559,2360,2362,{},
1560,2360,2363,{},
1561,2364,2365,{},
1562,2364,2366,{},
1563,2364,2367,{},
1564,2368,2369,{},
1565,2368,2370,{},
1566,2368,2371,{},
1567,2372,2373,{},
1568,2372,2374,{},
1569,2372,2375,{},
1570,2376,2377,{},
1571,2376,2378,{},
1572,2376,2379,{},
1573,2380,2381,{},
1574,2380,2382,{},
1575,2380,2383,{},
1576,2384,2385,{},
1577,2384,2386,{},
1578,2384,2387,{},
1579,2388,2389,{},
1580,2388,2390,{},
1581,2388,2391,{},
1582,2392,2393,{},
1583,2392,2394,{},
1584,2392,2395,{},
1585,2396,2397,{},
1586,2396,2398,{},
1587,2396,2399,{},
1588,2400,2401,{},
1589,2400,2402,{},
1590,2400,2403,{},
1591,2404,2405,{},
1592,2404,2406,{},
1593,2404,2407,{},
1594,2408,2409,{},
1595,2408,2410,{},
1596,2408,2411,{},
1597,2412,2413,{},
1598,2412,2414,{},
1599,2412,2415,{},
1600,2416,2417,{},
1601,2416,2418,{},
1602,2416,2419,{},
1603,2420,2421,{},
1604,2420,2422,{},
1605,2420,2423,{},
1606,2424,2425,{},
1607,2424,2426,{},
1608,2424,2427,{},
1609,2428,2429,{},
1610,2428,2430,{},
1611,2428,2431,{},
1612,2432,2433,{},
1613,2432,2434,{},
1614,2432,2435,{},
1615,2436,2437,{},
1616,2436,2438,{},
1617,2436,2439,{},
1618,2440,2441,{},
1619,2440,2442,{},
1620,2440,2443,{},
1621,2444,2445,{},
1622,2444,2446,{},
1623,2444,2447,{},
1624,2448,2449,{},
1625,2448,2450,{},
1626,2448,2451,{},
1627,2452,2453,{},
1628,2452,2454,{},
1629,2452,2455,{},
1630,2456,2457,{},
1631,2456,2458,{},
1632,2456,2459,{},
1633,2460,2461,{},
1634,2460,2462,{},
1635,2460,2463,{},
1636,2464,2465,{},
1637,2464,2466,{},
1638,2464,2467,{},
1639,2468,2469,{},
1640,2468,2470,{},
1641,2468,2471,{},
1642,2472,2473,{},
1643,2472,2474,{},
1644,2472,2475,{},
1645,2476,2477,{},
1646,2476,2478,{},
1647,2476,2479,{},
1648,2480,2481,{},
1649,2480,2482,{},
1650,2480,2483,{},
1651,2484,2485,{},
1652,2484,2486,{},
1653,2484,2487,{},
1654,2488,2489,{},
1655,2488,2490,{},
1656,2488,2491,{},
1657,2492,2493,{},
1658,2492,2494,{},
1659,2492,2495,{},
1660,2496,2497,{},
1661,2496,2498,{},
1662,2496,2499,{},
1663,2500,2501,{},
1664,2500,2502,{},
1665,2500,2503,{},
1666,2504,2505,{},
1667,2504,2506,{},
1668,2504,2507,{},
1669,2508,2509,{},
1670,2508,2510,{},
1671,2508,2511,{},
1672,2512,2513,{},
1673,2512,2514,{},
1674,2512,2515,{},
1675,2516,2517,{},
1676,2516,2518,{},
1677,2516,2519,{},
1678,2520,2521,{},
1679,2520,2522,{},
1680,2520,2523,{},
1681,2524,2525,{},
1682,2524,2526,{},
1683,2524,2527,{},
1684,2528,2529,{},
1685,2528,2530,{},
1686,2528,2531,{},
1687,2532,2533,{},
1688,2532,2534,{},
1689,2532,2535,{},
1690,2536,2537,{},
1691,2536,2538,{},
1692,2536,2539,{},
1693,2540,2541,{},
1694,2540,2542,{},
1695,2540,2543,{},
1696,2544,2545,{},
1697,2544,2546,{},
1698,2544,2547,{},
1699,2548,2549,{},
1700,2548,2550,{},
1701,2548,2551,{},
1702,2552,2553,{},
1703,2552,2554,{},
1704,2552,2555,{},
1705,2556,2557,{},
1706,2556,2558,{},
1707,2556,2559,{},
1708,2560,2561,{},
1709,2560,2562,{},
1710,2560,2563,{},
1711,2564,2565,{},
1712,2564,2566,{},
1713,2564,2567,{},
1714,2568,2569,{},
1715,2568,2570,{},
1716,2568,2571,{},
1717,2572,2573,{},
1718,2572,2574,{},
1719,2572,2575,{},
1720,2576,2577,{},
1721,2576,2578,{},
1722,2576,2579,{},
1723,2580,2581,{},
1724,2580,2582,{},
1725,2580,2583,{},
1726,2584,2585,{},
1727,2584,2586,{},
1728,2584,2587,{},
1729,2588,2589,{},
1730,2588,2590,{},
1731,2588,2591,{},
1732,2592,2593,{},
1733,2592,2594,{},
1734,2592,2595,{},
1735,2596,2597,{},
1736,2596,2598,{},
1737,2596,2599,{},
1738,2600,2601,{},
1739,2600,2602,{},
1740,2600,2603,{},
1741,2604,2605,{},
1742,2604,2606,{},
1743,2604,2607,{},
1744,2608,2609,{},
1745,2608,2610,{},
1746,2608,2611,{},
1747,2612,2613,{},
1748,2612,2614,{},
1749,2612,2615,{},
1750,2616,2617,{},
1751,2616,2618,{},
1752,2616,2619,{},
1753,2620,2621,{},
1754,2620,2622,{},
1755,2620,2623,{},
1756,2624,2625,{},
1757,2624,2626,{},
1758,2624,2627,{},
1759,2628,2629,{},
1760,2628,2630,{},
1761,2628,2631,{},
1762,2632,2633,{},
1763,2632,2634,{},
1764,2632,2635,{},
1765,2636,2637,{},
1766,2636,2638,{},
1767,2636,2639,{},
1768,2640,2641,{},
1769,2640,2642,{},
1770,2640,2643,{},
1771,2644,2645,{},
1772,2644,2646,{},
1773,2644,2647,{},
1774,2648,2649,{},
1775,2648,2650,{},
1776,2648,2651,{},
1777,2652,2653,{},
1778,2652,2654,{},
1779,2652,2655,{},
1780,2656,2657,{},
1781,2656,2658,{},
1782,2656,2659,{},
1783,2660,2661,{},
1784,2660,2662,{},
1785,2660,2663,{},
1786,2664,2665,{},
1787,2664,2666,{},
1788,2664,2667,{},
1789,2668,2669,{},
1790,2668,2670,{},
1791,2668,2671,{},
1792,2672,2673,{},
1793,2672,2674,{},
1794,2672,2675,{},
1795,2676,2677,{},
1796,2676,2678,{},
1797,2676,2679,{},
1798,2680,2681,{},
1799,2680,2682,{},
1800,2680,2683,{},
1801,2684,2685,{},
1802,2684,2686,{},
1803,2684,2687,{},
1804,2688,2689,{},
1805,2688,2690,{},
1806,2688,2691,{},
1807,2692,2693,{},
1808,2692,2694,{},
1809,2692,2695,{},
1810,2696,2697,{},
1811,2696,2698,{},
1812,2696,2699,{},
1813,2700,2701,{},
1814,2700,2702,{},
1815,2700,2703,{},
1816,2704,2705,{},
1817,2704,2706,{},
1818,2704,2707,{},
1819,2708,2709,{},
1820,2708,2710,{},
1821,2708,2711,{},
1822,2712,2713,{},
1823,2712,2714,{},
1824,2712,2715,{},
1825,2716,2717,{},
1826,2716,2718,{},
1827,2716,2719,{},
1828,2720,2721,{},
1829,2720,2722,{},
1830,2720,2723,{},
1831,2724,2725,{},
1832,2724,2726,{},
1833,2724,2727,{},
1834,2728,2729,{},
1835,2728,2730,{},
1836,2728,2731,{},
1837,2732,2733,{},
1838,2732,2734,{},
1839,2732,2735,{},
1840,2736,2737,{},
1841,2736,2738,{},
1842,2736,2739,{},
1843,2740,2741,{},
1844,2740,2742,{},
1845,2740,2743,{},
1846,2744,2745,{},
1847,2744,2746,{},
1848,2744,2747,{},
1849,2748,2749,{},
1850,2748,2750,{},
1851,2748,2751,{},
1852,2752,2753,{},
1853,2752,2754,{},
1854,2752,2755,{},
1855,2756,2757,{},
1856,2756,2758,{},
1857,2756,2759,{},
1858,2760,2761,{},
1859,2760,2762,{},
1860,2760,2763,{},
1861,2764,2765,{},
1862,2764,2766,{},
1863,2764,2767,{},
1864,2768,2769,{},
1865,2768,2770,{},
1866,2768,2771,{},
1867,2772,2773,{},
1868,2772,2774,{},
1869,2772,2775,{},
1870,2776,2777,{},
1871,2776,2778,{},
1872,2776,2779,{},
1873,2780,2781,{},
1874,2780,2782,{},
1875,2780,2783,{},
1876,2784,2785,{},
1877,2784,2786,{},
1878,2784,2787,{},
1879,2788,2789,{},
1880,2788,2790,{},
1881,2788,2791,{},
1882,2792,2793,{},
1883,2792,2794,{},
1884,2792,2795,{},
1885,2796,2797,{},
1886,2796,2798,{},
1887,2796,2799,{},
1888,2800,2801,{},
1889,2800,2802,{},
1890,2800,2803,{},
1891,2804,2805,{},
1892,2804,2806,{},
1893,2804,2807,{},
1894,2808,2809,{},
1895,2808,2810,{},
1896,2808,2811,{},
1897,2812,2813,{},
1898,2812,2814,{},
1899,2812,2815,{},
1900,2816,2817,{},
1901,2816,2818,{},
1902,2816,2819,{},
1903,2820,2821,{},
1904,2820,2822,{},
1905,2820,2823,{},
1906,2824,2825,{},
1907,2824,2826,{},
1908,2824,2827,{},
1909,2828,2829,{},
1910,2828,2830,{},
1911,2828,2831,{},
1912,2832,2833,{},
1913,2832,2834,{},
1914,2832,2835,{},
1915,2836,2837,{},
1916,2836,2838,{},
1917,2836,2839,{},
1918,2840,2841,{},
1919,2840,2842,{},
1920,2840,2843,{},
1921,2844,2845,{},
1922,2844,2846,{},
1923,2844,2847,{},
1924,2848,2849,{},
1925,2848,2850,{},
1926,2848,2851,{},
1927,2852,2853,{},
1928,2852,2854,{},
1929,2852,2855,{},
1930,2856,2857,{},
1931,2856,2858,{},
1932,2856,2859,{},
1933,2860,2861,{},
1934,2860,2862,{},
1935,2860,2863,{},
1936,2864,2865,{},
1937,2864,2866,{},
1938,2864,2867,{},
1939,2868,2869,{},
1940,2868,2870,{},
1941,2868,2871,{},
1942,2872,2873,{},
1943,2872,2874,{},
1944,2872,2875,{},
1945,2876,2877,{},
1946,2876,2878,{},
1947,2876,2879,{},
1948,2880,2881,{},
1949,2880,2882,{},
1950,2880,2883,{},
1951,2884,2885,{},
1952,2884,2886,{},
1953,2884,2887,{},
1954,2888,2889,{},
1955,2888,2890,{},
1956,2888,2891,{},
1957,2892,2893,{},
1958,2892,2894,{},
1959,2892,2895,{},
1960,2896,2897,{},
1961,2896,2898,{},
1962,2896,2899,{},
1963,2900,2901,{},
1964,2900,2902,{},
1965,2900,2903,{},
1966,2904,2905,{},
1967,2904,2906,{},
1968,2904,2907,{},
1969,2908,2909,{},
1970,2908,2910,{},
1971,2908,2911,{},
1972,2912,2913,{},
1973,2912,2914,{},
1974,2912,2915,{},
1975,2916,2917,{},
1976,2916,2918,{},
1977,2916,2919,{},
1978,2920,2921,{},
1979,2920,2922,{},
1980,2920,2923,{},
1981,2924,2925,{},
1982,2924,2926,{},
1983,2924,2927,{},
1984,2928,2929,{},
1985,2928,2930,{},
1986,2928,2931,{},
1987,2932,2933,{},
1988,2932,2934,{},
1989,2932,2935,{},
1990,2936,2937,{},
1991,2936,2938,{},
1992,2936,2939,{},
1993,2940,2941,{},
1994,2940,2942,{},
1995,2940,2943,{},
1996,2944,2945,{},
1997,2944,2946,{},
1998,2944,2947,{},
1999,2948,2949,{},
2000,2948,2950,{},
2001,2948,2951,{},
2002,2952,2953,{},
2003,2952,2954,{},
2004,2952,2955,{},
2005,2956,2957,{},
2006,2956,2958,{},
2007,2956,2959,{},
2008,2960,2961,{},
2009,2960,2962,{},
2010,2960,2963,{},
2011,2964,2965,{},
2012,2964,2966,{},
2013,2964,2967,{},
2014,2968,2969,{},
2015,2968,2970,{},
2016,2968,2971,{},
2017,2972,2973,{},
2018,2972,2974,{},
2019,2972,2975,{},
2020,2976,2977,{},
2021,2976,2978,{},
2022,2976,2979,{},
2023,2980,2981,{},
2024,2980,2982,{},
2025,2980,2983,{},
2026,2984,2985,{},
2027,2984,2986,{},
2028,2984,2987,{},
2029,2988,2989,{},
2030,2988,2990,{},
2031,2988,2991,{},
2032,2992,2993,{},
2033,2992,2994,{},
2034,2992,2995,{},
2035,2996,2997,{},
2036,2996,2998,{},
2037,2996,2999,{},
2038,3000,3001,{},
2039,3000,3002,{},
2040,3000,3003,{},
2041,3004,3005,{},
2042,3004,3006,{},
2043,3004,3007,{},
2044,3008,3009,{},
2045,3008,3010,{},
2046,3008,3011,{},
2047,3012,3013,{},
2048,3012,3014,{},
2049,3012,3015,{},
2050,3016,3017,{},
2051,3016,3018,{},
2052,3016,3019,{},
2053,3020,3021,{},
2054,3020,3022,{},
2055,3020,3023,{},
2056,3024,3025,{},
2057,3024,3026,{},
2058,3024,3027,{},
2059,3028,3029,{},
2060,3028,3030,{},
2061,3028,3031,{},
2062,3032,3033,{},
2063,3032,3034,{},
2064,3032,3035,{},
2065,3036,3037,{},
2066,3036,3038,{},
2067,3036,3039,{},
2068,3040,3041,{},
2069,3040,3042,{},
2070,3040,3043,{},
2071,3044,3045,{},
2072,3044,3046,{},
2073,3044,3047,{},
2074,3048,3049,{},
2075,3048,3050,{},
2076,3048,3051,{},
2077,3052,3053,{},
2078,3052,3054,{},
2079,3052,3055,{},
2080,3056,3057,{},
2081,3056,3058,{},
2082,3056,3059,{},
2083,3060,3061,{},
2084,3060,3062,{},
2085,3060,3063,{},
2086,3064,3065,{},
2087,3064,3066,{},
2088,3064,3067,{},
2089,3068,3069,{},
2090,3068,3070,{},
2091,3068,3071,{},
2092,3072,3073,{},
2093,3072,3074,{},
2094,3072,3075,{},
2095,3076,3077,{},
2096,3076,3078,{},
2097,3076,3079,{},
2098,3080,3081,{},
2099,3080,3082,{},
2100,3080,3083,{},
2101,3084,3085,{},
2102,3084,3086,{},
2103,3084,3087,{},
2104,3088,3089,{},
2105,3088,3090,{},
2106,3088,3091,{},
2107,3092,3093,{},
2108,3092,3094,{},
2109,3092,3095,{},
2110,3096,3097,{},
2111,3096,3098,{},
2112,3096,3099,{},
2113,3100,3101,{},
2114,3100,3102,{},
2115,3100,3103,{},
2116,3104,3105,{},
2117,3104,3106,{},
2118,3104,3107,{},
2119,3108,3109,{},
2120,3108,3110,{},
2121,3108,3111,{},
2122,3112,3113,{},
2123,3112,3114,{},
2124,3112,3115,{},
2125,3116,3117,{},
2126,3116,3118,{},
2127,3116,3119,{},
2128,3120,3121,{},
2129,3120,3122,{},
2130,3120,3123,{},
2131,3124,3125,{},
2132,3124,3126,{},
2133,3124,3127,{},
2134,3128,3129,{},
2135,3128,3130,{},
2136,3128,3131,{},
2137,3132,3133,{},
2138,3132,3134,{},
2139,3132,3135,{},
2140,3136,3137,{},
2141,3136,3138,{},
2142,3136,3139,{},
2143,3140,3141,{},
2144,3140,3142,{},
2145,3140,3143,{},
2146,3144,3145,{},
2147,3144,3146,{},
2148,3144,3147,{},
2149,3148,3149,{},
2150,3148,3150,{},
2151,3148,3151,{},
2152,3152,3153,{},
2153,3152,3154,{},
2154,3152,3155,{},
2155,3156,3157,{},
2156,3156,3158,{},
2157,3156,3159,{},
2158,3160,3161,{},
2159,3160,3162,{},
2160,3160,3163,{},
2161,3164,3165,{},
2162,3164,3166,{},
2163,3164,3167,{},
2164,3168,3169,{},
2165,3168,3170,{},
2166,3168,3171,{},
2167,3172,3173,{},
2168,3172,3174,{},
2169,3172,3175,{},
2170,3176,3177,{},
2171,3176,3178,{},
2172,3176,3179,{},
2173,3180,3181,{},
2174,3180,3182,{},
2175,3180,3183,{},
2176,3184,3185,{},
2177,3184,3186,{},
2178,3184,3187,{},
2179,3188,3189,{},
2180,3188,3190,{},
2181,3188,3191,{},
2182,3192,3193,{},
2183,3192,3194,{},
2184,3192,3195,{},
2185,3196,3197,{},
2186,3196,3198,{},
2187,3196,3199,{},
2188,3200,3201,{},
2189,3200,3202,{},
2190,3200,3203,{},
2191,3204,3205,{},
2192,3204,3206,{},
2193,3204,3207,{},
2194,3208,3209,{},
2195,3208,3210,{},
2196,3208,3211,{},
2197,3212,3213,{},
2198,3212,3214,{},
2199,3212,3215,{},
2200,3216,3217,{},
2201,3216,3218,{},
2202,3216,3219,{},
2203,3220,3221,{},
2204,3220,3222,{},
2205,3220,3223,{},
2206,3224,3225,{},
2207,3224,3226,{},
2208,3224,3227,{},
2209,3228,3229,{},
2210,3228,3230,{},
2211,3228,3231,{},
2212,3232,3233,{},
2213,3232,3234,{},
2214,3232,3235,{},
2215,3236,3237,{},
2216,3236,3238,{},
2217,3236,3239,{},
2218,3240,3241,{},
2219,3240,3242,{},
2220,3240,3243,{},
2221,3244,3245,{},
2222,3244,3246,{},
2223,3244,3247,{},
2224,3248,3249,{},
2225,3248,3250,{},
2226,3248,3251,{},
2227,3252,3253,{},
2228,3252,3254,{},
2229,3252,3255,{},
2230,3256,3257,{},
2231,3256,3258,{},
2232,3256,3259,{},
2233,3260,3261,{},
2234,3260,3262,{},
2235,3260,3263,{},
2236,3264,3265,{},
2237,3264,3266,{},
2238,3264,3267,{},
2239,3268,3269,{},
2240,3268,3270,{},
2241,3268,3271,{},
2242,3272,3273,{},
2243,3272,3274,{},
2244,3272,3275,{},
2245,3276,3277,{},
2246,3276,3278,{},
2247,3276,3279,{},
2248,3280,3281,{},
2249,3280,3282,{},
2250,3280,3283,{},
2251,3284,3285,{},
2252,3284,3286,{},
2253,3284,3287,{},
2254,3288,3289,{},
2255,3288,3290,{},
2256,3288,3291,{},
2257,3292,3293,{},
2258,3292,3294,{},
2259,3292,3295,{},
2260,3296,3297,{},
2261,3296,3298,{},
2262,3296,3299,{},
2263,3300,3301,{},
2264,3300,3302,{},
2265,3300,3303,{},
2266,3304,3305,{},
2267,3304,3306,{},
2268,3304,3307,{},
2269,3308,3309,{},
2270,3308,3310,{},
2271,3308,3311,{},
2272,3312,3313,{},
2273,3312,3314,{},
2274,3312,3315,{},
2275,3316,3317,{},
2276,3316,3318,{},
2277,3316,3319,{},
2278,3320,3321,{},
2279,3320,3322,{},
2280,3320,3323,{},
2281,3324,3325,{},
2282,3324,3326,{},
2283,3324,3327,{},
2284,3328,3329,{},
2285,3328,3330,{},
2286,3328,3331,{},
2287,3332,3333,{},
2288,3332,3334,{},
2289,3332,3335,{},
2290,3336,3337,{},
2291,3336,3338,{},
2292,3336,3339,{},
2293,3340,3341,{},
2294,3340,3342,{},
2295,3340,3343,{},
2296,3344,3345,{},
2297,3344,3346,{},
2298,3344,3347,{},
2299,3348,3349,{},
2300,3348,3350,{},
2301,3348,3351,{},
2302,3352,3353,{},
2303,3352,3354,{},
2304,3352,3355,{},
2305,3356,3357,{},
2306,3356,3358,{},
2307,3356,3359,{},
2308,3360,3361,{},
2309,3360,3362,{},
2310,3360,3363,{},
2311,3364,3365,{},
2312,3364,3366,{},
2313,3364,3367,{},
2314,3368,3369,{},
2315,3368,3370,{},
2316,3368,3371,{},
2317,3372,3373,{},
2318,3372,3374,{},
2319,3372,3375,{},
2320,3376,3377,{},
2321,3376,3378,{},
2322,3376,3379,{},
2323,3380,3381,{},
2324,3380,3382,{},
2325,3380,3383,{},
2326,3384,3385,{},
2327,3384,3386,{},
2328,3384,3387,{},
2329,3388,3389,{},
2330,3388,3390,{},
2331,3388,3391,{},
2332,3392,3393,{},
2333,3392,3394,{},
2334,3392,3395,{},
2335,3396,3397,{},
2336,3396,3398,{},
2337,3396,3399,{},
2338,3400,3401,{},
2339,3400,3402,{},
2340,3400,3403,{},
2341,3404,3405,{},
2342,3404,3406,{},
2343,3404,3407,{},
2344,3408,3409,{},
2345,3408,3410,{},
2346,3408,3411,{},
2347,3412,3413,{},
2348,3412,3414,{},
2349,3412,3415,{},
2350,3416,3417,{},
2351,3416,3418,{},
2352,3416,3419,{},
2353,3420,3421,{},
2354,3420,3422,{},
2355,3420,3423,{},
2356,3424,3425,{},
2357,3424,3426,{},
2358,3424,3427,{},
2359,3428,3429,{},
2360,3428,3430,{},
2361,3428,3431,{},
2362,3432,3433,{},
2363,3432,3434,{},
2364,3432,3435,{},
2365,3436,3437,{},
2366,3436,3438,{},
2367,3436,3439,{},
2368,3440,3441,{},
2369,3440,3442,{},
2370,3440,3443,{},
2371,3444,3445,{},
2372,3444,3446,{},
2373,3444,3447,{},
2374,3448,3449,{},
2375,3448,3450,{},
2376,3448,3451,{},
2377,3452,3453,{},
2378,3452,3454,{},
2379,3452,3455,{},
2380,3456,3457,{},
2381,3456,3458,{},
2382,3456,3459,{},
2383,3460,3461,{},
2384,3460,3462,{},
2385,3460,3463,{},
2386,3464,3465,{},
2387,3464,3466,{},
2388,3464,3467,{},
2389,3468,3469,{},
2390,3468,3470,{},
2391,3468,3471,{},
2392,3472,3473,{},
2393,3472,3474,{},
2394,3472,3475,{},
2395,3476,3477,{},
2396,3476,3478,{},
2397,3476,3479,{},
2398,3480,3481,{},
2399,3480,3482,{},
2400,3480,3483,{},
2401,3484,3485,{},
2402,3484,3486,{},
2403,3484,3487,{},
2404,3488,3489,{},
2405,3488,3490,{},
2406,3488,3491,{},
2407,3492,3493,{},
2408,3492,3494,{},
2409,3492,3495,{},
2410,3496,3497,{},
2411,3496,3498,{},
2412,3496,3499,{},
2413,3500,3501,{},
2414,3500,3502,{},
2415,3500,3503,{},
2416,3504,3505,{},
2417,3504,3506,{},
2418,3504,3507,{},
2419,3508,3509,{},
2420,3508,3510,{},
2421,3508,3511,{},
2422,3512,3513,{},
2423,3512,3514,{},
2424,3512,3515,{},
2425,3516,3517,{},
2426,3516,3518,{},
2427,3516,3519,{},
2428,3520,3521,{},
2429,3520,3522,{},
2430,3520,3523,{},
2431,3524,3525,{},
2432,3524,3526,{},
2433,3524,3527,{},
2434,3528,3529,{},
2435,3528,3530,{},
2436,3528,3531,{},
2437,3532,3533,{},
2438,3532,3534,{},
2439,3532,3535,{},
2440,3536,3537,{},
2441,3536,3538,{},
2442,3536,3539,{},
2443,3540,3541,{},
2444,3540,3542,{},
2445,3540,3543,{},
2446,3544,3545,{},
2447,3544,3546,{},
2448,3544,3547,{},
2449,3548,3549,{},
2450,3548,3550,{},
2451,3548,3551,{},
2452,3552,3553,{},
2453,3552,3554,{},
2454,3552,3555,{},
2455,3556,3557,{},
2456,3556,3558,{},
2457,3556,3559,{},
2458,3560,3561,{},
2459,3560,3562,{},
2460,3560,3563,{},
2461,3564,3565,{},
2462,3564,3566,{},
2463,3564,3567,{},
2464,3568,3569,{},
2465,3568,3570,{},
2466,3568,3571,{},
2467,3572,3573,{},
2468,3572,3574,{},
2469,3572,3575,{},
2470,3576,3577,{},
2471,3576,3578,{},
2472,3576,3579,{},
2473,3580,3581,{},
2474,3580,3582,{},
2475,3580,3583,{},
2476,3584,3585,{},
2477,3584,3586,{},
2478,3584,3587,{},
2479,3588,3589,{},
2480,3588,3590,{},
2481,3588,3591,{},
2482,3592,3593,{},
2483,3592,3594,{},
2484,3592,3595,{},
2485,3596,3597,{},
2486,3596,3598,{},
2487,3596,3599,{},
2488,3600,3601,{},
2489,3600,3602,{},
2490,3600,3603,{},
2491,3604,3605,{},
2492,3604,3606,{},
2493,3604,3607,{},
2494,3608,3609,{},
2495,3608,3610,{},
2496,3608,3611,{},
2497,3612,3613,{},
2498,3612,3614,{},
2499,3612,3615,{},
2500,3616,3617,{},
2501,3616,3618,{},
2502,3616,3619,{},
2503,3620,3621,{},
2504,3620,3622,{},
2505,3620,3623,{},
2506,3624,3625,{},
2507,3624,3626,{},
2508,3624,3627,{},
2509,3628,3629,{},
2510,3628,3630,{},
2511,3628,3631,{},
2512,3632,3633,{},
2513,3632,3634,{},
2514,3632,3635,{},
2515,3636,3637,{},
2516,3636,3638,{},
2517,3636,3639,{},
2518,3640,3641,{},
2519,3640,3642,{},
2520,3640,3643,{},
2521,3644,3645,{},
2522,3644,3646,{},
2523,3644,3647,{},
2524,3648,3649,{},
2525,3648,3650,{},
2526,3648,3651,{},
2527,3652,3653,{},
2528,3652,3654,{},
2529,3652,3655,{},
2530,3656,3657,{},
2531,3656,3658,{},
2532,3656,3659,{},
2533,3660,3661,{},
2534,3660,3662,{},
2535,3660,3663,{},
2536,3664,3665,{},
2537,3664,3666,{},
2538,3664,3667,{},
2539,3668,3669,{},
2540,3668,3670,{},
2541,3668,3671,{},
2542,3672,3673,{},
2543,3672,3674,{},
2544,3672,3675,{},
2545,3676,3677,{},
2546,3676,3678,{},
2547,3676,3679,{},
2548,3680,3681,{},
2549,3680,3682,{},
2550,3680,3683,{},
2551,3684,3685,{},
2552,3684,3686,{},
2553,3684,3687,{},
2554,3688,3689,{},
2555,3688,3690,{},
2556,3688,3691,{},
2557,3692,3693,{},
2558,3692,3694,{},
2559,3692,3695,{},
2560,3696,3697,{},
2561,3696,3698,{},
2562,3696,3699,{},
2563,3700,3701,{},
2564,3700,3702,{},
2565,3700,3703,{},
2566,3704,3705,{},
2567,3704,3706,{},
2568,3704,3707,{},
2569,3708,3709,{},
2570,3708,3710,{},
2571,3708,3711,{},
2572,3712,3713,{},
2573,3712,3714,{},
2574,3712,3715,{},
2575,3716,3717,{},
2576,3716,3718,{},
2577,3716,3719,{},
2578,3720,3721,{},
2579,3720,3722,{},
2580,3720,3723,{},
2581,3724,3725,{},
2582,3724,3726,{},
2583,3724,3727,{},
2584,3728,3729,{},
2585,3728,3730,{},
2586,3728,3731,{},
2587,3732,3733,{},
2588,3732,3734,{},
2589,3732,3735,{},
2590,3736,3737,{},
2591,3736,3738,{},
2592,3736,3739,{},
2593,3740,3741,{},
2594,3740,3742,{},
2595,3740,3743,{},
2596,3744,3745,{},
2597,3744,3746,{},
2598,3744,3747,{},
2599,3748,3749,{},
2600,3748,3750,{},
2601,3748,3751,{},
2602,3752,3753,{},
2603,3752,3754,{},
2604,3752,3755,{},
2605,3756,3757,{},
2606,3756,3758,{},
2607,3756,3759,{},
2608,3760,3761,{},
2609,3760,3762,{},
2610,3760,3763,{},
2611,3764,3765,{},
2612,3764,3766,{},
2613,3764,3767,{},
2614,3768,3769,{},
2615,3768,3770,{},
2616,3768,3771,{},
2617,3772,3773,{},
2618,3772,3774,{},
2619,3772,3775,{},
2620,3776,3777,{},
2621,3776,3778,{},
2622,3776,3779,{},
2623,3780,3781,{},
2624,3780,3782,{},
2625,3780,3783,{},
2626,3784,3785,{},
2627,3784,3786,{},
2628,3784,3787,{},
2629,3788,3789,{},
2630,3788,3790,{},
2631,3788,3791,{},
2632,3792,3793,{},
2633,3792,3794,{},
2634,3792,3795,{},
2635,3796,3797,{},
2636,3796,3798,{},
2637,3796,3799,{},
2638,3800,3801,{},
2639,3800,3802,{},
2640,3800,3803,{},
2641,3804,3805,{},
2642,3804,3806,{},
2643,3804,3807,{},
2644,3808,3809,{},
2645,3808,3810,{},
2646,3808,3811,{},
2647,3812,3813,{},
2648,3812,3814,{},
2649,3812,3815,{},
2650,3816,3817,{},
2651,3816,3818,{},
2652,3816,3819,{},
2653,3820,3821,{},
2654,3820,3822,{},
2655,3820,3823,{},
2656,3824,3825,{},
2657,3824,3826,{},
2658,3824,3827,{},
2659,3828,3829,{},
2660,3828,3830,{},
2661,3828,3831,{},
2662,3832,3833,{},
2663,3832,3834,{},
2664,3832,3835,{},
2665,3836,3837,{},
2666,3836,3838,{},
2667,3836,3839,{},
2668,3840,3841,{},
2669,3840,3842,{},
2670,3840,3843,{},
2671,3844,3845,{},
2672,3844,3846,{},
2673,3844,3847,{},
2674,3848,3849,{},
2675,3848,3850,{},
2676,3848,3851,{},
2677,3852,3853,{},
2678,3852,3854,{},
2679,3852,3855,{},
2680,3856,3857,{},
2681,3856,3858,{},
2682,3856,3859,{},
2683,3860,3861,{},
2684,3860,3862,{},
2685,3860,3863,{},
2686,3864,3865,{},
2687,3864,3866,{},
2688,3864,3867,{},
2689,3868,3869,{},
2690,3868,3870,{},
2691,3868,3871,{},
2692,3872,3873,{},
2693,3872,3874,{},
2694,3872,3875,{},
2695,3876,3877,{},
2696,3876,3878,{},
2697,3876,3879,{},
2698,3880,3881,{},
2699,3880,3882,{},
2700,3880,3883,{},
2701,3884,3885,{},
2702,3884,3886,{},
2703,3884,3887,{},
2704,3888,3889,{},
2705,3888,3890,{},
2706,3888,3891,{},
2707,3892,3893,{},
2708,3892,3894,{},
2709,3892,3895,{},
2710,3896,3897,{},
2711,3896,3898,{},
2712,3896,3899,{},
2713,3900,3901,{},
2714,3900,3902,{},
2715,3900,3903,{},
2716,3904,3905,{},
2717,3904,3906,{},
2718,3904,3907,{},
2719,3908,3909,{},
2720,3908,3910,{},
2721,3908,3911,{},
2722,3912,3913,{},
2723,3912,3914,{},
2724,3912,3915,{},
2725,3916,3917,{},
2726,3916,3918,{},
2727,3916,3919,{},
2728,3920,3921,{},
2729,3920,3922,{},
2730,3920,3923,{},
2731,3924,3925,{},
2732,3924,3926,{},
2733,3924,3927,{},
2734,3928,3929,{},
2735,3928,3930,{},
2736,3928,3931,{},
2737,3932,3933,{},
2738,3932,3934,{},
2739,3932,3935,{},
2740,3936,3937,{},
2741,3936,3938,{},
2742,3936,3939,{},
2743,3940,3941,{},
2744,3940,3942,{},
2745,3940,3943,{},
2746,3944,3945,{},
2747,3944,3946,{},
2748,3944,3947,{},
2749,3948,3949,{},
2750,3948,3950,{},
2751,3948,3951,{},
2752,3952,3953,{},
2753,3952,3954,{},
2754,3952,3955,{},
2755,3956,3957,{},
2756,3956,3958,{},
2757,3956,3959,{},
2758,3960,3961,{},
2759,3960,3962,{},
2760,3960,3963,{},
2761,3964,3965,{},
2762,3964,3966,{},
2763,3964,3967,{},
2764,3968,3969,{},
2765,3968,3970,{},
2766,3968,3971,{},
2767,3972,3973,{},
2768,3972,3974,{},
2769,3972,3975,{},
2770,3976,3977,{},
2771,3976,3978,{},
2772,3976,3979,{},
2773,3980,3981,{},
2774,3980,3982,{},
2775,3980,3983,{},
2776,3984,3985,{},
2777,3984,3986,{},
2778,3984,3987,{},
2779,3988,3989,{},
2780,3988,3990,{},
2781,3988,3991,{},
2782,3992,3993,{},
2783,3992,3994,{},
2784,3992,3995,{},
2785,3996,3997,{},
2786,3996,3998,{},
2787,3996,3999,{},
2788,4000,4001,{},
2789,4000,4002,{},
2790,4000,4003,{},
2791,4004,4005,{},
2792,4004,4006,{},
2793,4004,4007,{},
2794,4008,4009,{},
2795,4008,4010,{},
2796,4008,4011,{},
2797,4012,4013,{},
2798,4012,4014,{},
2799,4012,4015,{},
2800,4016,4017,{},
2801,4016,4018,{},
2802,4016,4019,{},
2803,4020,4021,{},
2804,4020,4022,{},
2805,4020,4023,{},
2806,4024,4025,{},
2807,4024,4026,{},
2808,4024,4027,{},
2809,4028,4029,{},
2810,4028,4030,{},
2811,4028,4031,{},
2812,4032,4033,{},
2813,4032,4034,{},
2814,4032,4035,{},
2815,4036,4037,{},
2816,4036,4038,{},
2817,4036,4039,{},
2818,4040,4041,{},
2819,4040,4042,{},
2820,4040,4043,{},
2821,4044,4045,{},
2822,4044,4046,{},
2823,4044,4047,{},
2824,4048,4049,{},
2825,4048,4050,{},
2826,4048,4051,{},
2827,4052,4053,{},
2828,4052,4054,{},
2829,4052,4055,{},
2830,4056,4057,{},
2831,4056,4058,{},
2832,4056,4059,{},
2833,4060,4061,{},
2834,4060,4062,{},
2835,4060,4063,{},
2836,4064,4065,{},
2837,4064,4066,{},
2838,4064,4067,{},
2839,4068,4069,{},
2840,4068,4070,{},
2841,4068,4071,{},
2842,4072,4073,{},
2843,4072,4074,{},
2844,4072,4075,{},
2845,4076,4077,{},
2846,4076,4078,{},
2847,4076,4079,{},
2848,4080,4081,{},
2849,4080,4082,{},
2850,4080,4083,{},
2851,4084,4085,{},
2852,4084,4086,{},
2853,4084,4087,{},
2854,4088,4089,{},
2855,4088,4090,{},
2856,4088,4091,{},
2857,4092,4093,{},
2858,4092,4094,{},
2859,4092,4095,{},
2860,4096,4097,{},
2861,4096,4098,{},
2862,4096,4099,{},
2863,4100,4101,{},
2864,4100,4102,{},
2865,4100,4103,{},
2866,4104,4105,{},
2867,4104,4106,{},
2868,4104,4107,{},
2869,4108,4109,{},
2870,4108,4110,{},
2871,4108,4111,{},
2872,4112,4113,{},
2873,4112,4114,{},
2874,4112,4115,{},
2875,4116,4117,{},
2876,4116,4118,{},
2877,4116,4119,{},
2878,4120,4121,{},
2879,4120,4122,{},
2880,4120,4123,{},
2881,4124,4125,{},
2882,4124,4126,{},
2883,4124,4127,{},
2884,4128,4129,{},
2885,4128,4130,{},
2886,4128,4131,{},
2887,4132,4133,{},
2888,4132,4134,{},
2889,4132,4135,{},
2890,4136,4137,{},
2891,4136,4138,{},
2892,4136,4139,{},
2893,4140,4141,{},
2894,4140,4142,{},
2895,4140,4143,{},
2896,4144,4145,{},
2897,4144,4146,{},
2898,4144,4147,{},
2899,4148,4149,{},
2900,4148,4150,{},
2901,4148,4151,{},
2902,4152,4153,{},
2903,4152,4154,{},
2904,4152,4155,{},
2905,4156,4157,{},
2906,4156,4158,{},
2907,4156,4159,{},
2908,4160,4161,{},
2909,4160,4162,{},
2910,4160,4163,{},
2911,4164,4165,{},
2912,4164,4166,{},
2913,4164,4167,{},
2914,4168,4169,{},
2915,4168,4170,{},
2916,4168,4171,{},
2917,4172,4173,{},
2918,4172,4174,{},
2919,4172,4175,{},
2920,4176,4177,{},
2921,4176,4178,{},
2922,4176,4179,{},
2923,4180,4181,{},
2924,4180,4182,{},
2925,4180,4183,{},
2926,4184,4185,{},
2927,4184,4186,{},
2928,4184,4187,{},
2929,4188,4189,{},
2930,4188,4190,{},
2931,4188,4191,{},
2932,4192,4193,{},
2933,4192,4194,{},
2934,4192,4195,{},
2935,4196,4197,{},
2936,4196,4198,{},
2937,4196,4199,{},
2938,4200,4201,{},
2939,4200,4202,{},
2940,4200,4203,{},
2941,4204,4205,{},
2942,4204,4206,{},
2943,4204,4207,{},
2944,4208,4209,{},
2945,4208,4210,{},
2946,4208,4211,{},
2947,4212,4213,{},
2948,4212,4214,{},
2949,4212,4215,{},
2950,4216,4217,{},
2951,4216,4218,{},
2952,4216,4219,{},
2953,4220,4221,{},
2954,4220,4222,{},
2955,4220,4223,{},
2956,4224,4225,{},
2957,4224,4226,{},
2958,4224,4227,{},
2959,4228,4229,{},
2960,4228,4230,{},
2961,4228,4231,{},
2962,4232,4233,{},
2963,4232,4234,{},
2964,4232,4235,{},
2965,4236,4237,{},
2966,4236,4238,{},
2967,4236,4239,{},
2968,4240,4241,{},
2969,4240,4242,{},
2970,4240,4243,{},
2971,4244,4245,{},
2972,4244,4246,{},
2973,4244,4247,{},
2974,4248,4249,{},
2975,4248,4250,{},
2976,4248,4251,{},
2977,4252,4253,{},
2978,4252,4254,{},
2979,4252,4255,{},
2980,4256,4257,{},
2981,4256,4258,{},
2982,4256,4259,{},
2983,4260,4261,{},
2984,4260,4262,{},
2985,4260,4263,{},
2986,4264,4265,{},
2987,4264,4266,{},
2988,4264,4267,{},
2989,4268,4269,{},
2990,4268,4270,{},
2991,4268,4271,{},
2992,4272,4273,{},
2993,4272,4274,{},
2994,4272,4275,{},
2995,4276,4277,{},
2996,4276,4278,{},
2997,4276,4279,{},
2998,4280,4281,{},
2999,4280,4282,{},
3000,4280,4283,{},
3001,4284,4285,{},
3002,4284,4286,{},
3003,4284,4287,{},
3004,4288,4289,{},
3005,4288,4290,{},
3006,4288,4291,{},
3007,4292,4293,{},
3008,4292,4294,{},
3009,4292,4295,{},
3010,4296,4297,{},
3011,4296,4298,{},
3012,4296,4299,{},
3013,4300,4301,{},
3014,4300,4302,{},
3015,4300,4303,{},
3016,4304,4305,{},
3017,4304,4306,{},
3018,4304,4307,{},
3019,4308,4309,{},
3020,4308,4310,{},
3021,4308,4311,{},
3022,4312,4313,{},
3023,4312,4314,{},
3024,4312,4315,{},
3025,4316,4317,{},
3026,4316,4318,{},
3027,4316,4319,{},
3028,4320,4321,{},
3029,4320,4322,{},
3030,4320,4323,{},
3031,4324,4325,{},
3032,4324,4326,{},
3033,4324,4327,{},
3034,4328,4329,{},
3035,4328,4330,{},
3036,4328,4331,{},
3037,4332,4333,{},
3038,4332,4334,{},
3039,4332,4335,{},
3040,4336,4337,{},
3041,4336,4338,{},
3042,4336,4339,{},
3043,4340,4341,{},
3044,4340,4342,{},
3045,4340,4343,{},
3046,4344,4345,{},
3047,4344,4346,{},
3048,4344,4347,{},
3049,4348,4349,{},
3050,4348,4350,{},
3051,4348,4351,{},
3052,4352,4353,{},
3053,4352,4354,{},
3054,4352,4355,{},
3055,4356,4357,{},
3056,4356,4358,{},
3057,4356,4359,{},
3058,4360,4361,{},
3059,4360,4362,{},
3060,4360,4363,{},
3061,4364,4365,{},
3062,4364,4366,{},
3063,4364,4367,{},
3064,4368,4369,{},
3065,4368,4370,{},
3066,4368,4371,{},
3067,4372,4373,{},
3068,4372,4374,{},
3069,4372,4375,{},
3070,4376,4377,{},
3071,4376,4378,{},
3072,4376,4379,{},
3073,4380,4381,{},
3074,4380,4382,{},
3075,4380,4383,{},
3076,4384,4385,{},
3077,4384,4386,{},
3078,4384,4387,{},
3079,4388,4389,{},
3080,4388,4390,{},
3081,4388,4391,{},
3082,4392,4393,{},
3083,4392,4394,{},
3084,4392,4395,{},
3085,4396,4397,{},
3086,4396,4398,{},
3087,4396,4399,{},
3088,4400,4401,{},
3089,4400,4402,{},
3090,4400,4403,{},
3091,4404,4405,{},
3092,4404,4406,{},
3093,4404,4407,{},
3094,4408,4409,{},
3095,4408,4410,{},
3096,4408,4411,{},
3097,4412,4413,{},
3098,4412,4414,{},
3099,4412,4415,{},
3100,4416,4417,{},
3101,4416,4418,{},
3102,4416,4419,{},
3103,4420,4421,{},
3104,4420,4422,{},
3105,4420,4423,{},
3106,4424,4425,{},
3107,4424,4426,{},
3108,4424,4427,{},
3109,4428,4429,{},
3110,4428,4430,{},
3111,4428,4431,{},
3112,4432,4433,{},
3113,4432,4434,{},
3114,4432,4435,{},
3115,4436,4437,{},
3116,4436,4438,{},
3117,4436,4439,{},
3118,4440,4441,{},
3119,4440,4442,{},
3120,4440,4443,{},
3121,4444,4445,{},
3122,4444,4446,{},
3123,4444,4447,{},
3124,4448,4449,{},
3125,4448,4450,{},
3126,4448,4451,{},
3127,4452,4453,{},
3128,4452,4454,{},
3129,4452,4455,{},
3130,4456,4457,{},
3131,4456,4458,{},
3132,4456,4459,{},
3133,4460,4461,{},
3134,4460,4462,{},
3135,4460,4463,{},
3136,4464,4465,{},
3137,4464,4466,{},
3138,4464,4467,{},
3139,4468,4469,{},
3140,4468,4470,{},
3141,4468,4471,{},
3142,4472,4473,{},
3143,4472,4474,{},
3144,4472,4475,{},
3145,4476,4477,{},
3146,4476,4478,{},
3147,4476,4479,{},
3148,4480,4481,{},
3149,4480,4482,{},
3150,4480,4483,{},
3151,4484,4485,{},
3152,4484,4486,{},
3153,4484,4487,{},
3154,4488,4489,{},
3155,4488,4490,{},
3156,4488,4491,{},
3157,4492,4493,{},
3158,4492,4494,{},
3159,4492,4495,{},
3160,4496,4497,{},
3161,4496,4498,{},
3162,4496,4499,{},
3163,4500,4501,{},
3164,4500,4502,{},
3165,4500,4503,{},
3166,4504,4505,{},
3167,4504,4506,{},
3168,4504,4507,{},
3169,4508,4509,{},
3170,4508,4510,{},
3171,4508,4511,{},
3172,4512,4513,{},
3173,4512,4514,{},
3174,4512,4515,{},
3175,4516,4517,{},
3176,4516,4518,{},
3177,4516,4519,{},
3178,4520,4521,{},
3179,4520,4522,{},
3180,4520,4523,{},
3181,4524,4525,{},
3182,4524,4526,{},
3183,4524,4527,{},
3184,4528,4529,{},
3185,4528,4530,{},
3186,4528,4531,{},
3187,4532,4533,{},
3188,4532,4534,{},
3189,4532,4535,{},
3190,4536,4537,{},
3191,4536,4538,{},
3192,4536,4539,{},
3193,4540,4541,{},
3194,4540,4542,{},
3195,4540,4543,{},
3196,4544,4545,{},
3197,4544,4546,{},
3198,4544,4547,{},
3199,4548,4549,{},
3200,4548,4550,{},
3201,4548,4551,{},
3202,4552,4553,{},
3203,4552,4554,{},
3204,4552,4555,{},
3205,4556,4557,{},
3206,4556,4558,{},
3207,4556,4559,{},
3208,4560,4561,{},
3209,4560,4562,{},
3210,4560,4563,{},
3211,4564,4565,{},
3212,4564,4566,{},
3213,4564,4567,{},
3214,4568,4569,{},
3215,4568,4570,{},
3216,4568,4571,{},
3217,4572,4573,{},
3218,4572,4574,{},
3219,4572,4575,{},
3220,4576,4577,{},
3221,4576,4578,{},
3222,4576,4579,{},
3223,4580,4581,{},
3224,4580,4582,{},
3225,4580,4583,{},
3226,4584,4585,{},
3227,4584,4586,{},
3228,4584,4587,{},
3229,4588,4589,{},
3230,4588,4590,{},
3231,4588,4591,{},
3232,4592,4593,{},
3233,4592,4594,{},
3234,4592,4595,{},
3235,4596,4597,{},
3236,4596,4598,{},
3237,4596,4599,{},
3238,4600,4601,{},
3239,4600,4602,{},
3240,4600,4603,{},
3241,4604,4605,{},
3242,4604,4606,{},
3243,4604,4607,{},
3244,4608,4609,{},
3245,4608,4610,{},
3246,4608,4611,{},
3247,4612,4613,{},
3248,4612,4614,{},
3249,4612,4615,{},
3250,4616,4617,{},
3251,4616,4618,{},
3252,4616,4619,{},
3253,4620,4621,{},
3254,4620,4622,{},
3255,4620,4623,{},
3256,4624,4625,{},
3257,4624,4626,{},
3258,4624,4627,{},
3259,4628,4629,{},
3260,4628,4630,{},
3261,4628,4631,{},
3262,4632,4633,{},
3263,4632,4634,{},
3264,4632,4635,{},
3265,4636,4637,{},
3266,4636,4638,{},
3267,4636,4639,{},
3268,4640,4641,{},
3269,4640,4642,{},
3270,4640,4643,{},
3271,4644,4645,{},
3272,4644,4646,{},
3273,4644,4647,{},
3274,4648,4649,{},
3275,4648,4650,{},
3276,4648,4651,{},
3277,4652,4653,{},
3278,4652,4654,{},
3279,4652,4655,{},
3280,4656,4657,{},
3281,4656,4658,{},
3282,4656,4659,{},
3283,4660,4661,{},
3284,4660,4662,{},
3285,4660,4663,{},
3286,4664,4665,{},
3287,4664,4666,{},
3288,4664,4667,{},
3289,4668,4669,{},
3290,4668,4670,{},
3291,4668,4671,{},
3292,4672,4673,{},
3293,4672,4674,{},
3294,4672,4675,{},
3295,4676,4677,{},
3296,4676,4678,{},
3297,4676,4679,{},
3298,4680,4681,{},
3299,4680,4682,{},
3300,4680,4683,{},
3301,4684,4685,{},
3302,4684,4686,{},
3303,4684,4687,{},
3304,4688,4689,{},
3305,4688,4690,{},
3306,4688,4691,{},
3307,4692,4693,{},
3308,4692,4694,{},
3309,4692,4695,{},
3310,4696,4697,{},
3311,4696,4698,{},
3312,4696,4699,{},
3313,4700,4701,{},
3314,4700,4702,{},
3315,4700,4703,{},
3316,4704,4705,{},
3317,4704,4706,{},
3318,4704,4707,{},
3319,4708,4709,{},
3320,4708,4710,{},
3321,4708,4711,{},
3322,4712,4713,{},
3323,4712,4714,{},
3324,4712,4715,{},
3325,4716,4717,{},
3326,4716,4718,{},
3327,4716,4719,{},
3328,4720,4721,{},
3329,4720,4722,{},
3330,4720,4723,{},
3331,4724,4725,{},
3332,4724,4726,{},
3333,4724,4727,{},
3334,4728,4729,{},
3335,4728,4730,{},
3336,4728,4731,{},
3337,4732,4733,{},
3338,4732,4734,{},
3339,4732,4735,{},
3340,4736,4737,{},
3341,4736,4738,{},
3342,4736,4739,{},
3343,4740,4741,{},
3344,4740,4742,{},
3345,4740,4743,{},
3346,4744,4745,{},
3347,4744,4746,{},
3348,4744,4747,{},
3349,4748,4749,{},
3350,4748,4750,{},
3351,4748,4751,{},
3352,4752,4753,{},
3353,4752,4754,{},
3354,4752,4755,{},
3355,4756,4757,{},
3356,4756,4758,{},
3357,4756,4759,{},
3358,4760,4761,{},
3359,4760,4762,{},
3360,4760,4763,{},
3361,4764,4765,{},
3362,4764,4766,{},
3363,4764,4767,{},
3364,4768,4769,{},
3365,4768,4770,{},
3366,4768,4771,{},
3367,4772,4773,{},
3368,4772,4774,{},
3369,4772,4775,{},
3370,4776,4777,{},
3371,4776,4778,{},
3372,4776,4779,{},
3373,4780,4781,{},
3374,4780,4782,{},
3375,4780,4783,{},
3376,4784,4785,{},
3377,4784,4786,{},
3378,4784,4787,{},
3379,4788,4789,{},
3380,4788,4790,{},
3381,4788,4791,{},
3382,4792,4793,{},
3383,4792,4794,{},
3384,4792,4795,{},
3385,4796,4797,{},
3386,4796,4798,{},
3387,4796,4799,{},
3388,4800,4801,{},
3389,4800,4802,{},
3390,4800,4803,{},
3391,4804,4805,{},
3392,4804,4806,{},
3393,4804,4807,{},
3394,4808,4809,{},
3395,4808,4810,{},
3396,4808,4811,{},
3397,4812,4813,{},
3398,4812,4814,{},
3399,4812,4815,{},
3400,4816,4817,{},
3401,4816,4818,{},
3402,4816,4819,{},
3403,4820,4821,{},
3404,4820,4822,{},
3405,4820,4823,{},
3406,4824,4825,{},
3407,4824,4826,{},
3408,4824,4827,{},
3409,4828,4829,{},
3410,4828,4830,{},
3411,4828,4831,{},
3412,4832,4833,{},
3413,4832,4834,{},
3414,4832,4835,{},
3415,4836,4837,{},
3416,4836,4838,{},
3417,4836,4839,{},
3418,4840,4841,{},
3419,4840,4842,{},
3420,4840,4843,{},
3421,4844,4845,{},
3422,4844,4846,{},
3423,4844,4847,{},
3424,4848,4849,{},
3425,4848,4850,{},
3426,4848,4851,{},
3427,4852,4853,{},
3428,4852,4854,{},
3429,4852,4855,{},
3430,4856,4857,{},
3431,4856,4858,{},
3432,4856,4859,{},
3433,4860,4861,{},
3434,4860,4862,{},
3435,4860,4863,{},
3436,4864,4865,{},
3437,4864,4866,{},
3438,4864,4867,{},
3439,4868,4869,{},
3440,4868,4870,{},
3441,4868,4871,{},
3442,4872,4873,{},
3443,4872,4874,{},
3444,4872,4875,{},
3445,4876,4877,{},
3446,4876,4878,{},
3447,4876,4879,{},
3448,4880,4881,{},
3449,4880,4882,{},
3450,4880,4883,{},
3451,4884,4885,{},
3452,4884,4886,{},
3453,4884,4887,{},
3454,4888,4889,{},
3455,4888,4890,{},
3456,4888,4891,{},
3457,4892,4893,{},
3458,4892,4894,{},
3459,4892,4895,{},
3460,4896,4897,{},
3461,4896,4898,{},
3462,4896,4899,{},
3463,4900,4901,{},
3464,4900,4902,{},
3465,4900,4903,{},
3466,4904,4905,{},
3467,4904,4906,{},
3468,4904,4907,{},
3469,4908,4909,{},
3470,4908,4910,{},
3471,4908,4911,{},
3472,4912,4913,{},
3473,4912,4914,{},
3474,4912,4915,{},
3475,4916,4917,{},
3476,4916,4918,{},
3477,4916,4919,{},
3478,4920,4921,{},
3479,4920,4922,{},
3480,4920,4923,{},
3481,4924,4925,{},
3482,4924,4926,{},
3483,4924,4927,{},
3484,4928,4929,{},
3485,4928,4930,{},
3486,4928,4931,{},
3487,4932,4933,{},
3488,4932,4934,{},
3489,4932,4935,{},
3490,4936,4937,{},
3491,4936,4938,{},
3492,4936,4939,{},
3493,4940,4941,{},
3494,4940,4942,{},
3495,4940,4943,{},
3496,4944,4945,{},
3497,4944,4946,{},
3498,4944,4947,{},
3499,4948,4949,{},
3500,4948,4950,{},
3501,4948,4951,{},
3502,4952,4953,{},
3503,4952,4954,{},
3504,4952,4955,{},
3505,4956,4957,{},
3506,4956,4958,{},
3507,4956,4959,{},
3508,4960,4961,{},
3509,4960,4962,{},
3510,4960,4963,{},
3511,4964,4965,{},
3512,4964,4966,{},
3513,4964,4967,{},
3514,4968,4969,{},
3515,4968,4970,{},
3516,4968,4971,{},
3517,4972,4973,{},
3518,4972,4974,{},
3519,4972,4975,{},
3520,4976,4977,{},
3521,4976,4978,{},
3522,4976,4979,{},
3523,4980,4981,{},
3524,4980,4982,{},
3525,4980,4983,{},
3526,4984,4985,{},
3527,4984,4986,{},
3528,4984,4987,{},
3529,4988,4989,{},
3530,4988,4990,{},
3531,4988,4991,{},
3532,4992,4993,{},
3533,4992,4994,{},
3534,4992,4995,{},
3535,4996,4997,{},
3536,4996,4998,{},
3537,4996,4999,{},
3538,5000,5001,{},
3539,5000,5002,{},
3540,5000,5003,{},
3541,5004,5005,{},
3542,5004,5006,{},
3543,5004,5007,{},
3544,5008,5009,{},
3545,5008,5010,{},
3546,5008,5011,{},
3547,5012,5013,{},
3548,5012,5014,{},
3549,5012,5015,{},
3550,5016,5017,{},
3551,5016,5018,{},
3552,5016,5019,{},
3553,5020,5021,{},
3554,5020,5022,{},
3555,5020,5023,{},
3556,5024,5025,{},
3557,5024,5026,{},
3558,5024,5027,{},
3559,5028,5029,{},
3560,5028,5030,{},
3561,5028,5031,{},
3562,5032,5033,{},
3563,5032,5034,{},
3564,5032,5035,{},
3565,5036,5037,{},
3566,5036,5038,{},
3567,5036,5039,{},
3568,5040,5041,{},
3569,5040,5042,{},
3570,5040,5043,{},
3571,5044,5045,{},
3572,5044,5046,{},
3573,5044,5047,{},
3574,5048,5049,{},
3575,5048,5050,{},
3576,5048,5051,{},
3577,5052,5053,{},
3578,5052,5054,{},
3579,5052,5055,{},
3580,5056,5057,{},
3581,5056,5058,{},
3582,5056,5059,{},
3583,5060,5061,{},
3584,5060,5062,{},
3585,5060,5063,{},
3586,5064,5065,{},
3587,5064,5066,{},
3588,5064,5067,{},
3589,5068,5069,{},
3590,5068,5070,{},
3591,5068,5071,{},
3592,5072,5073,{},
3593,5072,5074,{},
3594,5072,5075,{},
3595,5076,5077,{},
3596,5076,5078,{},
3597,5076,5079,{},
3598,5080,5081,{},
3599,5080,5082,{},
3600,5080,5083,{},
3601,5084,5085,{},
3602,5084,5086,{},
3603,5084,5087,{},
3604,5088,5089,{},
3605,5088,5090,{},
3606,5088,5091,{},
3607,5092,5093,{},
3608,5092,5094,{},
3609,5092,5095,{},
3610,5096,5097,{},
3611,5096,5098,{},
3612,5096,5099,{},
3613,5100,5101,{},
3614,5100,5102,{},
3615,5100,5103,{},
3616,5104,5105,{},
3617,5104,5106,{},
3618,5104,5107,{},
3619,5108,5109,{},
3620,5108,5110,{},
3621,5108,5111,{},
3622,5112,5113,{},
3623,5112,5114,{},
3624,5112,5115,{},
3625,5116,5117,{},
3626,5116,5118,{},
3627,5116,5119,{},
3628,5120,5121,{},
3629,5120,5122,{},
3630,5120,5123,{},
3631,5124,5125,{},
3632,5124,5126,{},
3633,5124,5127,{},
3634,5128,5129,{},
3635,5128,5130,{},
3636,5128,5131,{},
3637,5132,5133,{},
3638,5132,5134,{},
3639,5132,5135,{},
3640,5136,5137,{},
3641,5136,5138,{},
3642,5136,5139,{},
3643,5140,5141,{},
3644,5140,5142,{},
3645,5140,5143,{},
3646,5144,5145,{},
3647,5144,5146,{},
3648,5144,5147,{},
3649,5148,5149,{},
3650,5148,5150,{},
3651,5148,5151,{},
3652,5152,5153,{},
3653,5152,5154,{},
3654,5152,5155,{},
3655,5156,5157,{},
3656,5156,5158,{},
3657,5156,5159,{},
3658,5160,5161,{},
3659,5160,5162,{},
3660,5160,5163,{},
3661,5164,5165,{},
3662,5164,5166,{},
3663,5167,5168,{},
3664,5169,5170,{},
3665,5171,5172,{},
3666,5173,5174,{},
3667,5173,5175,{},
3668,5176,5177,{},
3669,5178,5179,{},
3670,5178,5180,{},
3671,5181,5182,{},
3672,5181,5183,{},
3673,5184,5185,{},
3674,5184,5186,{},
3675,5187,5188,{},
3676,5187,5189,{},
3677,5190,5191,{},
3678,5192,5193,{},
3679,5192,5194,{},
3680,5195,5196,{},
3681,5195,5197,{},
3682,5198,5199,{},
3683,5198,5200,{},
3684,5201,5202,{},
3685,5203,5204,{},
3686,5205,5206,{},
3687,5205,5207,{},
3688,5208,5209,{},
3689,5208,5210,{},
3690,5211,5212,{},
3691,5213,5214,{},
3692,5215,5216,{},
3693,5217,5218,{},
3694,5219,5220,{},
3695,5221,5222,{},
3696,5223,5224,{},
3697,5223,5225,{},
3698,5226,5227,{},
3699,5228,5229,{},
3700,5228,5230,{},
3701,5231,5232,{},
3702,5233,5234,{},
3703,5233,5235,{},
3704,5236,5237,{},
3705,5238,5239,{},
3706,5240,5241,{},
3707,5240,5242,{},
3708,5243,5244,{},
3709,5245,5246,{},
3710,5245,5247,{},
3711,5248,5249,{},
3712,5250,5251,{},
3713,5250,5252,{},
3714,5253,5254,{},
3715,5255,5256,{},
3716,5257,5258,{},
3717,5259,5260,{},
3718,5261,5262,{},
3719,5263,5264,{},
3720,5263,5265,{},
3721,5266,5267,{},
3722,5268,5269,{},
3723,5270,5271,{},
3724,5272,5273,{},
3725,5274,5275,{},
3726,5274,5276,{},
3727,5277,5278,{},
3728,5279,5280,{},
3729,5279,5281,{},
3730,5282,5283,{},
3731,5284,5285,{},
3732,5284,5286,{},
3733,5287,5288,{},
3734,5289,5290,{},
3735,5291,5292,{},
3736,5293,5294,{},
3737,5295,5296,{},
3738,5295,5297,{},
3739,5298,5299,{},
3740,5300,5301,{},
3741,5300,5302,{},
3742,5303,5304,{},
3743,5305,5306,{},
3744,5307,5308,{},
3745,5309,5310,{},
3746,5311,5312,{},
3747,5311,5313,{},
3748,5314,5315,{},
3749,5316,5317,{},
3750,5318,5319,{},
3751,5320,5321,{},
3752,5322,5323,{},
3753,5324,5325,{},
3754,5326,5327,{},
3755,5328,5329,{},
3756,5330,5331,{},
3757,5332,5333,{},
3758,5332,5334,{},
3759,5335,5336,{},
3760,5337,5338,{},
3761,5337,5339,{},
3762,5340,5341,{},
3763,5342,5343,{},
3764,5344,5345,{},
3765,5346,5347,{},
3766,5346,5348,{},
3767,5349,5350,{},
3768,5349,5351,{},
3769,5352,5353,{},
3770,5352,5354,{},
3771,5355,5356,{},
3772,5357,5358,{},
3773,5359,5360,{},
3774,5361,5362,{},
3775,5361,5363,{},
3776,5364,5365,{},
3777,5364,5366,{},
3778,5367,5368,{},
3779,5369,5370,{},
3780,5371,5372,{},
3781,5371,5373,{},
3782,5374,5375,{},
3783,5376,5377,{},
3784,5376,5378,{},
3785,5379,5380,{},
3786,5381,5382,{},
3787,5381,5383,{},
3788,5384,5385,{},
3789,5386,5387,{},
3790,5386,5388,{},
3791,5389,5390,{},
3792,5391,5392,{},
3793,5391,5393,{},
3794,5394,5395,{},
3795,5394,5396,{},
3796,5397,5398,{},
3797,5399,5400,{},
3798,5401,5402,{},
3799,5401,5403,{},
3800,5404,5405,{},
3801,5406,5407,{},
3802,5408,5409,{},
3803,5408,5410,{},
3804,5411,5412,{},
3805,5411,5413,{},
3806,5414,5415,{},
3807,5416,5417,{},
3808,5416,5418,{},
3809,5419,5420,{},
3810,5421,5422,{},
3811,5423,5424,{},
3812,5425,5426,{},
3813,5427,5428,{},
3814,5429,5430,{},
3815,5431,5432,{},
3816,5433,5434,{},
3817,5435,5436,{},
3818,5437,5438,{},
3819,5439,5440,{},
3820,5441,5442,{},
3821,5443,5444,{},
3822,5445,5446,{},
3823,5445,5447,{},
